Gene	r_cogn_global	p_cogn_global	r_pseudotime	p_pseudotime	r_cogng_demog_slope	p_cogng_demog_slope	r_motor10_demog_slope	p_motor10_demog_slope	r_sqrt_parksc_demog_slope	p_sqrt_parksc_demog_slope	max_abs_r	module_id	module_type	cluster_size	selection_rank	selected_by	cluster_id	therapeutic_selection_score	target_category_score	n_any_therapeutic_category	n_Alzheimer_evidence	n_known_drug_target	n_kinase	n_GPCR	n_ion_channel	representative_target_genes	representative_ad_genes
ME_M6	0.17472686213854693	0.028619280875041626	-0.08190979953149896	0.3078042569083686	0.1441409996738943	0.0716924260469369	-0.028714694044887534	0.7210973701579663	-0.06193144285201066	0.440980988658951	0.17472686213854693	6	CT	220	1	therapeutic_targets	6	916.8636363636364	298	166	148	34	17	1	9	GRIN3A(ion_channel;receptor;known_drug_target;Alzheimer_evidence);MTOR(kinase;enzyme;known_drug_target;Alzheimer_evidence);NUP93(Alzheimer_evidence);SMG8(Alzheimer_evidence);PANK1(kinase;enzyme;Alzheimer_evidence);PPP3R1(enzyme;Alzheimer_evidence);SLIT3(Alzheimer_evidence);CAMK1D(kinase;enzyme;known_drug_target;Alzheimer_evidence);MADD(kinase;enzyme;Alzheimer_evidence);UNC5C(receptor;Alzheimer_evidence);ADCK1(kinase;enzyme;known_drug_target;Alzheimer_evidence);DUSP14(enzyme;Alzheimer_evidence);ITGAX(known_drug_target;Alzheimer_evidence);HSF2(transcription_factor;Alzheimer_evidence);CAMKV(kinase;enzyme;known_drug_target;Alzheimer_evidence);GRAMD1B(Alzheimer_evidence);PPP3CB(enzyme;Alzheimer_evidence);DHCR24(enzyme;Alzheimer_evidence);ATRNL1(kinase;enzyme;Alzheimer_evidence);GABBR2(receptor;known_drug_target;Alzheimer_evidence);PRKCD(kinase;enzyme;known_drug_target;Alzheimer_evidence);KITLG(kinase;enzyme;known_drug_target;Alzheimer_evidence);SLC30A3(transporter;known_drug_target;Alzheimer_evidence);UNC13A(Alzheimer_evidence);ATG16L1(Alzheimer_evidence)	GRIN3A(ion_channel;receptor;known_drug_target;Alzheimer_evidence);MTOR(kinase;enzyme;known_drug_target;Alzheimer_evidence);NUP93(Alzheimer_evidence);SMG8(Alzheimer_evidence);PANK1(kinase;enzyme;Alzheimer_evidence);PPP3R1(enzyme;Alzheimer_evidence);SLIT3(Alzheimer_evidence);CAMK1D(kinase;enzyme;known_drug_target;Alzheimer_evidence);MADD(kinase;enzyme;Alzheimer_evidence);UNC5C(receptor;Alzheimer_evidence);ADCK1(kinase;enzyme;known_drug_target;Alzheimer_evidence);DUSP14(enzyme;Alzheimer_evidence);ITGAX(known_drug_target;Alzheimer_evidence);HSF2(transcription_factor;Alzheimer_evidence);CAMKV(kinase;enzyme;known_drug_target;Alzheimer_evidence);GRAMD1B(Alzheimer_evidence);PPP3CB(enzyme;Alzheimer_evidence);DHCR24(enzyme;Alzheimer_evidence);ATRNL1(kinase;enzyme;Alzheimer_evidence);GABBR2(receptor;known_drug_target;Alzheimer_evidence)
ME_M24	0.05012914467256387	0.5329630878519338	-0.054453045801355904	0.4981869529728444	0.07128609830278318	0.3749691424832634	-0.013076993589832235	0.8708713150439448	0.03636603688423966	0.6511440037718086	0.07128609830278318	24	CT	216	2	therapeutic_targets	24	840.6342592592592	271	161	146	29	10	0	3	PSEN2(enzyme;known_drug_target;Alzheimer_evidence);NDUFC2(Alzheimer_evidence);NDUFB4(Alzheimer_evidence);EPM2A(enzyme;Alzheimer_evidence);NDUFB10(Alzheimer_evidence);COX7A1(enzyme;Alzheimer_evidence);SLC25A4(transporter;known_drug_target;Alzheimer_evidence);MYL6B(Alzheimer_evidence);COX6A2(enzyme;Alzheimer_evidence);NEURL1(enzyme;Alzheimer_evidence);ERBB2(kinase;enzyme;receptor;known_drug_target;Alzheimer_evidence);MRPL16(Alzheimer_evidence);TFDP1(transcription_factor;Alzheimer_evidence);PGAM2(enzyme;Alzheimer_evidence);INPP5A(enzyme;known_drug_target;Alzheimer_evidence);FGFR1(kinase;enzyme;receptor;known_drug_target;Alzheimer_evidence);ETV1(transcription_factor;Alzheimer_evidence);PDE10A(enzyme;known_drug_target;Alzheimer_evidence);BDNF(known_drug_target;Alzheimer_evidence);TF(Alzheimer_evidence);IGF1(known_drug_target;Alzheimer_evidence);NPTX2(Alzheimer_evidence);LRP8(receptor;Alzheimer_evidence);SIRT2(enzyme;known_drug_target;Alzheimer_evidence);CASP3(enzyme;known_drug_target;Alzheimer_evidence)	PSEN2(enzyme;known_drug_target;Alzheimer_evidence);NDUFC2(Alzheimer_evidence);NDUFB4(Alzheimer_evidence);EPM2A(enzyme;Alzheimer_evidence);NDUFB10(Alzheimer_evidence);COX7A1(enzyme;Alzheimer_evidence);SLC25A4(transporter;known_drug_target;Alzheimer_evidence);MYL6B(Alzheimer_evidence);COX6A2(enzyme;Alzheimer_evidence);NEURL1(enzyme;Alzheimer_evidence);ERBB2(kinase;enzyme;receptor;known_drug_target;Alzheimer_evidence);MRPL16(Alzheimer_evidence);TFDP1(transcription_factor;Alzheimer_evidence);PGAM2(enzyme;Alzheimer_evidence);INPP5A(enzyme;known_drug_target;Alzheimer_evidence);FGFR1(kinase;enzyme;receptor;known_drug_target;Alzheimer_evidence);ETV1(transcription_factor;Alzheimer_evidence);PDE10A(enzyme;known_drug_target;Alzheimer_evidence);BDNF(known_drug_target;Alzheimer_evidence);TF(Alzheimer_evidence)
ME_M30	0.14388053471566498	0.07221228296064496	-0.0558947599160604	0.4868632229296571	0.14759797241104347	0.06507602170128264	-0.0154345277261622	0.8478518133912958	0.03509520280098706	0.6625740467257557	0.14759797241104347	30	CT	224	3	therapeutic_targets	30	980.2914798206278	315	181	162	39	14	2	5	SORL1(receptor;Alzheimer_evidence);CDKN1C(kinase;enzyme;Alzheimer_evidence);NDUFC1(Alzheimer_evidence);BACE1(enzyme;known_drug_target;Alzheimer_evidence);SHMT1(enzyme;Alzheimer_evidence);GDI1(Alzheimer_evidence);PITX2(transcription_factor;Alzheimer_evidence);ANO5(Alzheimer_evidence);RPH3A(Alzheimer_evidence);NRXN3(Alzheimer_evidence);LHX6(transcription_factor;Alzheimer_evidence);SLC12A2(transporter;enzyme;known_drug_target;Alzheimer_evidence);DTNB(transcription_factor;Alzheimer_evidence);HMGCS1(enzyme;known_drug_target;Alzheimer_evidence);COQ10A(Alzheimer_evidence);PDLIM5(Alzheimer_evidence);ACTN2(Alzheimer_evidence);ELMO1(Alzheimer_evidence);SV2A(transporter;known_drug_target;Alzheimer_evidence);CHRNB2(ion_channel;receptor;known_drug_target;Alzheimer_evidence);PARP1(enzyme;transcription_factor;known_drug_target;Alzheimer_evidence);FNDC5(Alzheimer_evidence);ACOT7(enzyme;Alzheimer_evidence);CRMP1(enzyme;Alzheimer_evidence);CALM3(kinase;enzyme;receptor;known_drug_target;Alzheimer_evidence)	SORL1(receptor;Alzheimer_evidence);CDKN1C(kinase;enzyme;Alzheimer_evidence);NDUFC1(Alzheimer_evidence);BACE1(enzyme;known_drug_target;Alzheimer_evidence);SHMT1(enzyme;Alzheimer_evidence);GDI1(Alzheimer_evidence);PITX2(transcription_factor;Alzheimer_evidence);ANO5(Alzheimer_evidence);RPH3A(Alzheimer_evidence);NRXN3(Alzheimer_evidence);LHX6(transcription_factor;Alzheimer_evidence);SLC12A2(transporter;enzyme;known_drug_target;Alzheimer_evidence);DTNB(transcription_factor;Alzheimer_evidence);HMGCS1(enzyme;known_drug_target;Alzheimer_evidence);COQ10A(Alzheimer_evidence);PDLIM5(Alzheimer_evidence);ACTN2(Alzheimer_evidence);ELMO1(Alzheimer_evidence);SV2A(transporter;known_drug_target;Alzheimer_evidence);CHRNB2(ion_channel;receptor;known_drug_target;Alzheimer_evidence)
ME_M56	-0.18016173434720245	0.023952581253099663	0.1058059193972497	0.1872174593179365	-0.16384043943309717	0.04032673278695716	-0.0007721033229619589	0.9923427247243952	-0.03682705928596442	0.647017325026956	0.18016173434720245	56	CT	349	4	therapeutic_targets	56	1327.4171597633135	417	249	226	54	18	0	8	SCD(enzyme;Alzheimer_evidence);NDUFC2(Alzheimer_evidence);ACACA(enzyme;known_drug_target;Alzheimer_evidence);ADRA1A(known_drug_target;Alzheimer_evidence);CHRNA7(ion_channel;receptor;known_drug_target;Alzheimer_evidence);SLIT3(Alzheimer_evidence);RPS6KC1(kinase;enzyme;known_drug_target;Alzheimer_evidence);GRIK1(ion_channel;receptor;known_drug_target;Alzheimer_evidence);NICN1(Alzheimer_evidence);MYOM2(Alzheimer_evidence);SIK3(kinase;enzyme;known_drug_target;Alzheimer_evidence);INPP4B(enzyme;known_drug_target;Alzheimer_evidence);ROBO2(receptor;Alzheimer_evidence);CTNNA2(Alzheimer_evidence);TENM2(Alzheimer_evidence);VWA8(Alzheimer_evidence);SHANK2(Alzheimer_evidence);NRXN1(Alzheimer_evidence);SEMA6D(Alzheimer_evidence);KLC1(Alzheimer_evidence);GRM8(receptor;known_drug_target;Alzheimer_evidence);IRAK1BP1(kinase;enzyme;receptor;Alzheimer_evidence);KIF2A(Alzheimer_evidence);GRAMD1B(Alzheimer_evidence);DUSP6(kinase;enzyme;Alzheimer_evidence)	SCD(enzyme;Alzheimer_evidence);NDUFC2(Alzheimer_evidence);ACACA(enzyme;known_drug_target;Alzheimer_evidence);ADRA1A(known_drug_target;Alzheimer_evidence);CHRNA7(ion_channel;receptor;known_drug_target;Alzheimer_evidence);SLIT3(Alzheimer_evidence);RPS6KC1(kinase;enzyme;known_drug_target;Alzheimer_evidence);GRIK1(ion_channel;receptor;known_drug_target;Alzheimer_evidence);NICN1(Alzheimer_evidence);MYOM2(Alzheimer_evidence);SIK3(kinase;enzyme;known_drug_target;Alzheimer_evidence);INPP4B(enzyme;known_drug_target;Alzheimer_evidence);ROBO2(receptor;Alzheimer_evidence);CTNNA2(Alzheimer_evidence);TENM2(Alzheimer_evidence);VWA8(Alzheimer_evidence);SHANK2(Alzheimer_evidence);NRXN1(Alzheimer_evidence);SEMA6D(Alzheimer_evidence);KLC1(Alzheimer_evidence)
ME_M67	-0.08294808556050658	0.30169182703255565	0.0605844791920579	0.4510006281373615	-0.12879438298678664	0.10792372428879636	-0.05822032388868552	0.4688915551860783	-0.00029532699677880733	0.9970710792313188	0.12879438298678664	67	CT	246	5	therapeutic_targets	67	1060.8979591836735	333	195	176	46	14	0	7	RXRG(receptor;known_drug_target;Alzheimer_evidence);PDE7B(enzyme;known_drug_target;Alzheimer_evidence);ESR1(receptor;known_drug_target;Alzheimer_evidence);NFIB(Alzheimer_evidence);AOPEP(enzyme;known_drug_target;Alzheimer_evidence);SLIT3(Alzheimer_evidence);DDAH1(enzyme;known_drug_target;Alzheimer_evidence);KCND3(ion_channel;known_drug_target;Alzheimer_evidence);BZW2(Alzheimer_evidence);NFIA(Alzheimer_evidence);INPP4B(enzyme;known_drug_target;Alzheimer_evidence);ALDH5A1(enzyme;known_drug_target;Alzheimer_evidence);JAK2(kinase;enzyme;known_drug_target;Alzheimer_evidence);RASA1(Alzheimer_evidence);ROBO1(receptor;Alzheimer_evidence);PHTF2(transcription_factor;Alzheimer_evidence);CDKAL1(kinase;enzyme;Alzheimer_evidence);KALRN(kinase;enzyme;known_drug_target;Alzheimer_evidence);SEMA6D(Alzheimer_evidence);EXOC4(Alzheimer_evidence);RBFOX2(Alzheimer_evidence);PRKCQ(kinase;enzyme;known_drug_target;Alzheimer_evidence);ITFG1(Alzheimer_evidence);MEF2C(transcription_factor;Alzheimer_evidence);KCNQ5(ion_channel;known_drug_target;Alzheimer_evidence)	RXRG(receptor;known_drug_target;Alzheimer_evidence);PDE7B(enzyme;known_drug_target;Alzheimer_evidence);ESR1(receptor;known_drug_target;Alzheimer_evidence);NFIB(Alzheimer_evidence);AOPEP(enzyme;known_drug_target;Alzheimer_evidence);SLIT3(Alzheimer_evidence);DDAH1(enzyme;known_drug_target;Alzheimer_evidence);KCND3(ion_channel;known_drug_target;Alzheimer_evidence);BZW2(Alzheimer_evidence);NFIA(Alzheimer_evidence);INPP4B(enzyme;known_drug_target;Alzheimer_evidence);ALDH5A1(enzyme;known_drug_target;Alzheimer_evidence);JAK2(kinase;enzyme;known_drug_target;Alzheimer_evidence);RASA1(Alzheimer_evidence);ROBO1(receptor;Alzheimer_evidence);PHTF2(transcription_factor;Alzheimer_evidence);CDKAL1(kinase;enzyme;Alzheimer_evidence);KALRN(kinase;enzyme;known_drug_target;Alzheimer_evidence);SEMA6D(Alzheimer_evidence);EXOC4(Alzheimer_evidence)
ME_M147	0.1922437335660286	0.015860860291807843	-0.18451963480203948	0.02069788852254947	0.2282690740645658	0.004035027703013725	0.07448724352221829	0.35384709969480815	-0.0169761681857919	0.8328668345797321	0.2282690740645658	147	CT	253	6	therapeutic_targets	147	793.8724279835391	263	164	138	26	9	2	0	APH1B(Alzheimer_evidence);WDHD1(Alzheimer_evidence);APH1A(Alzheimer_evidence);NOC3L(Alzheimer_evidence);ULK4(kinase;enzyme;known_drug_target;Alzheimer_evidence);NOX4(enzyme;known_drug_target;Alzheimer_evidence);NVL(Alzheimer_evidence);ST7L(Alzheimer_evidence);SEPSECS(enzyme;Alzheimer_evidence);TSGA10(Alzheimer_evidence);NR2C1(nuclear_receptor;receptor;known_drug_target;Alzheimer_evidence);SPAG16(Alzheimer_evidence);LRBA(Alzheimer_evidence);SLC13A3(transporter;known_drug_target;Alzheimer_evidence);FBN1(known_drug_target;Alzheimer_evidence);OARD1(enzyme;Alzheimer_evidence);DDB1(Alzheimer_evidence);PRELID2(Alzheimer_evidence);CLTCL1(Alzheimer_evidence);EDN1(known_drug_target;Alzheimer_evidence);KHDRBS1(Alzheimer_evidence);NAT10(enzyme;Alzheimer_evidence);C5(enzyme;receptor;known_drug_target;Alzheimer_evidence);KLHL3(Alzheimer_evidence);PTPRG(enzyme;receptor;known_drug_target;Alzheimer_evidence)	APH1B(Alzheimer_evidence);WDHD1(Alzheimer_evidence);APH1A(Alzheimer_evidence);NOC3L(Alzheimer_evidence);ULK4(kinase;enzyme;known_drug_target;Alzheimer_evidence);NOX4(enzyme;known_drug_target;Alzheimer_evidence);NVL(Alzheimer_evidence);ST7L(Alzheimer_evidence);SEPSECS(enzyme;Alzheimer_evidence);TSGA10(Alzheimer_evidence);NR2C1(nuclear_receptor;receptor;known_drug_target;Alzheimer_evidence);SPAG16(Alzheimer_evidence);LRBA(Alzheimer_evidence);SLC13A3(transporter;known_drug_target;Alzheimer_evidence);FBN1(known_drug_target;Alzheimer_evidence);OARD1(enzyme;Alzheimer_evidence);DDB1(Alzheimer_evidence);PRELID2(Alzheimer_evidence);CLTCL1(Alzheimer_evidence);EDN1(known_drug_target;Alzheimer_evidence)
ME_M148	-0.24503139689320066	0.0019814967572822327	0.238738153055113	0.0026026796756380135	-0.3355362339699446	1.740106354105132e-05	-0.039757001137835896	0.6210459354224138	0.016481761858372457	0.8376662642500241	0.3355362339699446	148	CT	865	7	therapeutic_targets	148	2458.635802469136	814	539	443	81	17	0	11	TARS2(enzyme;Alzheimer_evidence);H2BC4(Alzheimer_evidence);SCD(enzyme;Alzheimer_evidence);PLRG1(Alzheimer_evidence);BACE1(enzyme;known_drug_target;Alzheimer_evidence);PDE7B(enzyme;known_drug_target;Alzheimer_evidence);MRPS27(Alzheimer_evidence);ZKSCAN1(transcription_factor;Alzheimer_evidence);NVL(Alzheimer_evidence);CCDC88A(Alzheimer_evidence);EPHX2(enzyme;known_drug_target;Alzheimer_evidence);CAMK1G(kinase;enzyme;known_drug_target;Alzheimer_evidence);S100A13(Alzheimer_evidence);HCN2(ion_channel;known_drug_target;Alzheimer_evidence);FADS1(enzyme;Alzheimer_evidence);AOPEP(enzyme;known_drug_target;Alzheimer_evidence);NDUFA7(Alzheimer_evidence);DDAH1(enzyme;known_drug_target;Alzheimer_evidence);NEURL1(enzyme;Alzheimer_evidence);SLC6A1(transporter;known_drug_target;Alzheimer_evidence);TYW1(Alzheimer_evidence);SRR(enzyme;Alzheimer_evidence);NDUFA10(Alzheimer_evidence);CSAD(enzyme;Alzheimer_evidence);ALDH5A1(enzyme;known_drug_target;Alzheimer_evidence)	TARS2(enzyme;Alzheimer_evidence);H2BC4(Alzheimer_evidence);SCD(enzyme;Alzheimer_evidence);PLRG1(Alzheimer_evidence);BACE1(enzyme;known_drug_target;Alzheimer_evidence);PDE7B(enzyme;known_drug_target;Alzheimer_evidence);MRPS27(Alzheimer_evidence);ZKSCAN1(transcription_factor;Alzheimer_evidence);NVL(Alzheimer_evidence);CCDC88A(Alzheimer_evidence);EPHX2(enzyme;known_drug_target;Alzheimer_evidence);CAMK1G(kinase;enzyme;known_drug_target;Alzheimer_evidence);S100A13(Alzheimer_evidence);HCN2(ion_channel;known_drug_target;Alzheimer_evidence);FADS1(enzyme;Alzheimer_evidence);AOPEP(enzyme;known_drug_target;Alzheimer_evidence);NDUFA7(Alzheimer_evidence);DDAH1(enzyme;known_drug_target;Alzheimer_evidence);NEURL1(enzyme;Alzheimer_evidence);SLC6A1(transporter;known_drug_target;Alzheimer_evidence)
ME_M151	-0.27385476389392693	0.0005193766018173792	0.22995579237261624	0.003764580691192883	-0.34392185826359295	1.0328251150379665e-05	-0.12779319785806137	0.11071329883773147	0.04597110154451367	0.5675146408707138	0.34392185826359295	151	CT	361	8	therapeutic_targets	151	1237.8028169014085	414	267	225	34	12	1	1	HFE(Alzheimer_evidence);NDUFA9(enzyme;Alzheimer_evidence);TARS2(enzyme;Alzheimer_evidence);PPT1(enzyme;known_drug_target;Alzheimer_evidence);HSD17B12(enzyme;Alzheimer_evidence);SNRPD3(Alzheimer_evidence);PLRG1(Alzheimer_evidence);CDH13(Alzheimer_evidence);PRKAB1(kinase;enzyme;known_drug_target;Alzheimer_evidence);NVL(Alzheimer_evidence);LCMT1(enzyme;Alzheimer_evidence);PRRX1(transcription_factor;Alzheimer_evidence);CKMT1B(kinase;enzyme;Alzheimer_evidence);NICN1(Alzheimer_evidence);NDUFA10(Alzheimer_evidence);ME3(enzyme;Alzheimer_evidence);COPG2(Alzheimer_evidence);NR2C1(nuclear_receptor;receptor;known_drug_target;Alzheimer_evidence);CLNS1A(Alzheimer_evidence);HMGCS1(enzyme;known_drug_target;Alzheimer_evidence);WDFY1(transcription_factor;Alzheimer_evidence);GSTA4(enzyme;Alzheimer_evidence);LRBA(Alzheimer_evidence);ACTN2(Alzheimer_evidence);ICA1L(Alzheimer_evidence)	HFE(Alzheimer_evidence);NDUFA9(enzyme;Alzheimer_evidence);TARS2(enzyme;Alzheimer_evidence);PPT1(enzyme;known_drug_target;Alzheimer_evidence);HSD17B12(enzyme;Alzheimer_evidence);SNRPD3(Alzheimer_evidence);PLRG1(Alzheimer_evidence);CDH13(Alzheimer_evidence);PRKAB1(kinase;enzyme;known_drug_target;Alzheimer_evidence);NVL(Alzheimer_evidence);LCMT1(enzyme;Alzheimer_evidence);PRRX1(transcription_factor;Alzheimer_evidence);CKMT1B(kinase;enzyme;Alzheimer_evidence);NICN1(Alzheimer_evidence);NDUFA10(Alzheimer_evidence);ME3(enzyme;Alzheimer_evidence);COPG2(Alzheimer_evidence);NR2C1(nuclear_receptor;receptor;known_drug_target;Alzheimer_evidence);CLNS1A(Alzheimer_evidence);HMGCS1(enzyme;known_drug_target;Alzheimer_evidence)
ME_M154	-0.17426315339313703	0.029051123272616445	0.15531829825950066	0.05209048972866521	-0.29401137479243655	0.00018588640741106389	-0.03771321027789467	0.6391154565819362	0.10518811225906542	0.1898201394005704	0.29401137479243655	154	CT	246	9	therapeutic_targets	154	861.0408163265306	266	167	150	34	9	1	3	COPG1(Alzheimer_evidence);COPZ1(Alzheimer_evidence);PAF1(Alzheimer_evidence);ATP8B4(enzyme;known_drug_target;Alzheimer_evidence);GSTO1(enzyme;known_drug_target;Alzheimer_evidence);ERG(transcription_factor;Alzheimer_evidence);PRKCZ(kinase;enzyme;known_drug_target;Alzheimer_evidence);SIK3(kinase;enzyme;known_drug_target;Alzheimer_evidence);E2F3(transcription_factor;Alzheimer_evidence);KIF3B(Alzheimer_evidence);GPAT3(enzyme;Alzheimer_evidence);AUH(enzyme;Alzheimer_evidence);DLG2(enzyme;Alzheimer_evidence);ABHD12(enzyme;known_drug_target;Alzheimer_evidence);SGK3(kinase;enzyme;known_drug_target;Alzheimer_evidence);SNX19(Alzheimer_evidence);BCAS3(Alzheimer_evidence);ACTB(Alzheimer_evidence);FBN1(known_drug_target;Alzheimer_evidence);SMARCA2(known_drug_target;Alzheimer_evidence);ACTN2(Alzheimer_evidence);CENPQ(Alzheimer_evidence);CRBN(known_drug_target;Alzheimer_evidence);CUL4A(Alzheimer_evidence);MOG(Alzheimer_evidence)	COPG1(Alzheimer_evidence);COPZ1(Alzheimer_evidence);PAF1(Alzheimer_evidence);ATP8B4(enzyme;known_drug_target;Alzheimer_evidence);GSTO1(enzyme;known_drug_target;Alzheimer_evidence);ERG(transcription_factor;Alzheimer_evidence);PRKCZ(kinase;enzyme;known_drug_target;Alzheimer_evidence);SIK3(kinase;enzyme;known_drug_target;Alzheimer_evidence);E2F3(transcription_factor;Alzheimer_evidence);KIF3B(Alzheimer_evidence);GPAT3(enzyme;Alzheimer_evidence);AUH(enzyme;Alzheimer_evidence);DLG2(enzyme;Alzheimer_evidence);ABHD12(enzyme;known_drug_target;Alzheimer_evidence);SGK3(kinase;enzyme;known_drug_target;Alzheimer_evidence);SNX19(Alzheimer_evidence);BCAS3(Alzheimer_evidence);ACTB(Alzheimer_evidence);FBN1(known_drug_target;Alzheimer_evidence);SMARCA2(known_drug_target;Alzheimer_evidence)
ME_M163	-0.17535584294187886	0.028042282163937084	0.09785344680071481	0.22275666718071963	-0.1684444958372374	0.034959262657249114	-0.007205990112206691	0.92862857965014	-0.00021405584644164713	0.9978770878281278	0.17535584294187886	163	CT	302	10	therapeutic_targets	163	1081.186046511628	358	231	191	33	12	1	3	PSEN1(enzyme;known_drug_target;Alzheimer_evidence);APH1B(Alzheimer_evidence);PLRG1(Alzheimer_evidence);CAPNS1(enzyme;Alzheimer_evidence);TRAPPC11(Alzheimer_evidence);ARPC4(Alzheimer_evidence);ZNF568(transcription_factor;Alzheimer_evidence);FECH(enzyme;Alzheimer_evidence);LGMN(enzyme;known_drug_target;Alzheimer_evidence);MRPL10(Alzheimer_evidence);SCYL3(Alzheimer_evidence);UTP15(Alzheimer_evidence);LAP3(enzyme;known_drug_target;Alzheimer_evidence);DOCK4(Alzheimer_evidence);TMEM59L(Alzheimer_evidence);TMED4(Alzheimer_evidence);PKP2(Alzheimer_evidence);GSTA4(enzyme;Alzheimer_evidence);AHCY(enzyme;known_drug_target;Alzheimer_evidence);PRKCQ(kinase;enzyme;known_drug_target;Alzheimer_evidence);NUP107(Alzheimer_evidence);OARD1(enzyme;Alzheimer_evidence);CARF(transcription_factor;Alzheimer_evidence);C17orf58(Alzheimer_evidence);SYT11(Alzheimer_evidence)	PSEN1(enzyme;known_drug_target;Alzheimer_evidence);APH1B(Alzheimer_evidence);PLRG1(Alzheimer_evidence);CAPNS1(enzyme;Alzheimer_evidence);TRAPPC11(Alzheimer_evidence);ARPC4(Alzheimer_evidence);ZNF568(transcription_factor;Alzheimer_evidence);FECH(enzyme;Alzheimer_evidence);LGMN(enzyme;known_drug_target;Alzheimer_evidence);MRPL10(Alzheimer_evidence);SCYL3(Alzheimer_evidence);UTP15(Alzheimer_evidence);LAP3(enzyme;known_drug_target;Alzheimer_evidence);DOCK4(Alzheimer_evidence);TMEM59L(Alzheimer_evidence);TMED4(Alzheimer_evidence);PKP2(Alzheimer_evidence);GSTA4(enzyme;Alzheimer_evidence);AHCY(enzyme;known_drug_target;Alzheimer_evidence);PRKCQ(kinase;enzyme;known_drug_target;Alzheimer_evidence)
ME_M167	0.21546763846451117	0.006725547704341518	-0.18039449921505604	0.02376824271315713	0.25493446477812015	0.0012720821007018007	0.02267426299165195	0.778040423984293	-0.014233248574823814	0.8595665914885984	0.25493446477812015	167	CT	375	11	therapeutic_targets	167	1317.214876033058	439	279	232	43	12	1	4	APH1B(Alzheimer_evidence);SNRPD3(Alzheimer_evidence);MDN1(Alzheimer_evidence);RXRG(receptor;known_drug_target;Alzheimer_evidence);APH1A(Alzheimer_evidence);CCDC88A(Alzheimer_evidence);FECH(enzyme;Alzheimer_evidence);ADGRA3(GPCR;receptor;known_drug_target;Alzheimer_evidence);RRM1(enzyme;known_drug_target;Alzheimer_evidence);NUP155(Alzheimer_evidence);ACVR2B(receptor;known_drug_target;Alzheimer_evidence);STRADA(known_drug_target;Alzheimer_evidence);MTMR2(enzyme;Alzheimer_evidence);ME3(enzyme;Alzheimer_evidence);COLQ(Alzheimer_evidence);MCCC2(enzyme;Alzheimer_evidence);WDR70(Alzheimer_evidence);EFHD1(Alzheimer_evidence);TMED4(Alzheimer_evidence);PDE11A(enzyme;known_drug_target;Alzheimer_evidence);PRKCQ(kinase;enzyme;known_drug_target;Alzheimer_evidence);ICA1L(Alzheimer_evidence);WDPCP(Alzheimer_evidence);JARID2(Alzheimer_evidence);INPP5B(enzyme;known_drug_target;Alzheimer_evidence)	APH1B(Alzheimer_evidence);SNRPD3(Alzheimer_evidence);MDN1(Alzheimer_evidence);RXRG(receptor;known_drug_target;Alzheimer_evidence);APH1A(Alzheimer_evidence);CCDC88A(Alzheimer_evidence);FECH(enzyme;Alzheimer_evidence);ADGRA3(GPCR;receptor;known_drug_target;Alzheimer_evidence);RRM1(enzyme;known_drug_target;Alzheimer_evidence);NUP155(Alzheimer_evidence);ACVR2B(receptor;known_drug_target;Alzheimer_evidence);STRADA(known_drug_target;Alzheimer_evidence);MTMR2(enzyme;Alzheimer_evidence);ME3(enzyme;Alzheimer_evidence);COLQ(Alzheimer_evidence);MCCC2(enzyme;Alzheimer_evidence);WDR70(Alzheimer_evidence);EFHD1(Alzheimer_evidence);TMED4(Alzheimer_evidence);PDE11A(enzyme;known_drug_target;Alzheimer_evidence)
ME_M423	0.10807964794208748	0.17786349156959266	0.016292797738297612	0.8395022172243273	0.051525581614028954	0.5216003742587176	-0.05998979621828276	0.45546456788707046	0.04249135455705282	0.5972222181294683	0.10807964794208748	423	TS	222	12	therapeutic_targets	423	1194.4234234234234	374	208	194	53	13	2	13	APP(enzyme;receptor;known_drug_target;Alzheimer_evidence);GRIN2B(ion_channel;receptor;known_drug_target;Alzheimer_evidence);GRIN2A(ion_channel;receptor;known_drug_target;Alzheimer_evidence);CDK5R1(kinase;enzyme;Alzheimer_evidence);GSK3B(kinase;enzyme;known_drug_target;Alzheimer_evidence);ATP6V1B2(known_drug_target;Alzheimer_evidence);ATP1A1(enzyme;known_drug_target;Alzheimer_evidence);GOT1(enzyme;Alzheimer_evidence);STAT4(transcription_factor;Alzheimer_evidence);PTPRO(enzyme;receptor;known_drug_target;Alzheimer_evidence);KAT7(enzyme;transcription_factor;known_drug_target;Alzheimer_evidence);SLC7A14(transporter;enzyme;known_drug_target;Alzheimer_evidence);DOCK3(Alzheimer_evidence);SYBU(Alzheimer_evidence);CNTNAP5(Alzheimer_evidence);ZMAT4(transcription_factor;Alzheimer_evidence);PRICKLE1(Alzheimer_evidence);SEH1L(Alzheimer_evidence);CKAP5(Alzheimer_evidence);GPAT3(enzyme;Alzheimer_evidence);PRKCE(kinase;enzyme;known_drug_target;Alzheimer_evidence);TENM3(Alzheimer_evidence);FLT3(kinase;enzyme;receptor;known_drug_target;Alzheimer_evidence);CACNB2(ion_channel;Alzheimer_evidence);PTGR1(enzyme;Alzheimer_evidence)	APP(enzyme;receptor;known_drug_target;Alzheimer_evidence);GRIN2B(ion_channel;receptor;known_drug_target;Alzheimer_evidence);GRIN2A(ion_channel;receptor;known_drug_target;Alzheimer_evidence);CDK5R1(kinase;enzyme;Alzheimer_evidence);GSK3B(kinase;enzyme;known_drug_target;Alzheimer_evidence);ATP6V1B2(known_drug_target;Alzheimer_evidence);ATP1A1(enzyme;known_drug_target;Alzheimer_evidence);GOT1(enzyme;Alzheimer_evidence);STAT4(transcription_factor;Alzheimer_evidence);PTPRO(enzyme;receptor;known_drug_target;Alzheimer_evidence);KAT7(enzyme;transcription_factor;known_drug_target;Alzheimer_evidence);SLC7A14(transporter;enzyme;known_drug_target;Alzheimer_evidence);DOCK3(Alzheimer_evidence);SYBU(Alzheimer_evidence);CNTNAP5(Alzheimer_evidence);ZMAT4(transcription_factor;Alzheimer_evidence);PRICKLE1(Alzheimer_evidence);SEH1L(Alzheimer_evidence);CKAP5(Alzheimer_evidence);GPAT3(enzyme;Alzheimer_evidence)
ME_M427	0.14972885718233783	0.061252231999619385	-0.004513126486387371	0.9552639719263871	0.10511146859235826	0.19014485316292343	-0.09381805467174771	0.24251536169033397	0.021153443839761626	0.7925788950918329	0.14972885718233783	427	CT	189	13	therapeutic_targets	427	774.7446808510638	246	156	141	23	7	1	0	CDK5(kinase;enzyme;known_drug_target;Alzheimer_evidence);NDUFS2(enzyme;Alzheimer_evidence);NEU1(enzyme;known_drug_target;Alzheimer_evidence);AP2S1(Alzheimer_evidence);AP2M1(Alzheimer_evidence);SNRPD2(Alzheimer_evidence);NDUFB4(Alzheimer_evidence);CTSL(enzyme;known_drug_target;Alzheimer_evidence);COX7A1(enzyme;Alzheimer_evidence);SCARB2(receptor;Alzheimer_evidence);MRPL36(Alzheimer_evidence);MRPL16(Alzheimer_evidence);LGMN(enzyme;known_drug_target;Alzheimer_evidence);SERPINF1(enzyme;known_drug_target;Alzheimer_evidence);NRXN3(Alzheimer_evidence);UQCRQ(enzyme;Alzheimer_evidence);MRPS7(Alzheimer_evidence);STK24(kinase;enzyme;known_drug_target;Alzheimer_evidence);NHP2(Alzheimer_evidence);ELMO1(Alzheimer_evidence);NEFH(Alzheimer_evidence);PRSS3(enzyme;known_drug_target;Alzheimer_evidence);DAPK1(kinase;enzyme;known_drug_target;Alzheimer_evidence);UBB(Alzheimer_evidence);DPYSL2(enzyme;Alzheimer_evidence)	CDK5(kinase;enzyme;known_drug_target;Alzheimer_evidence);NDUFS2(enzyme;Alzheimer_evidence);NEU1(enzyme;known_drug_target;Alzheimer_evidence);AP2S1(Alzheimer_evidence);AP2M1(Alzheimer_evidence);SNRPD2(Alzheimer_evidence);NDUFB4(Alzheimer_evidence);CTSL(enzyme;known_drug_target;Alzheimer_evidence);COX7A1(enzyme;Alzheimer_evidence);SCARB2(receptor;Alzheimer_evidence);MRPL36(Alzheimer_evidence);MRPL16(Alzheimer_evidence);LGMN(enzyme;known_drug_target;Alzheimer_evidence);SERPINF1(enzyme;known_drug_target;Alzheimer_evidence);NRXN3(Alzheimer_evidence);UQCRQ(enzyme;Alzheimer_evidence);MRPS7(Alzheimer_evidence);STK24(kinase;enzyme;known_drug_target;Alzheimer_evidence);NHP2(Alzheimer_evidence);ELMO1(Alzheimer_evidence)
ME_M430	-0.10088264129874205	0.20869405923112222	-0.014190721840859219	0.8599818860871912	-0.03532859205827384	0.6604689720368788	0.04180715063682655	0.6031448396955377	0.001105213199789231	0.9890393079437424	0.10088264129874205	430	CT	230	14	therapeutic_targets	430	985.1965065502184	305	185	172	40	9	1	2	HTR1A(receptor;known_drug_target;Alzheimer_evidence);NDUFA8(Alzheimer_evidence);CSNK1A1(kinase;enzyme;known_drug_target;Alzheimer_evidence);FCF1(Alzheimer_evidence);COPA(receptor;known_drug_target;Alzheimer_evidence);DSTYK(kinase;enzyme;known_drug_target;Alzheimer_evidence);SMG8(Alzheimer_evidence);PTGS2(enzyme;known_drug_target;Alzheimer_evidence);MRPS27(Alzheimer_evidence);PRDX1(Alzheimer_evidence);SPTLC2(enzyme;known_drug_target;Alzheimer_evidence);GNPAT(enzyme;Alzheimer_evidence);NDUFS4(Alzheimer_evidence);PAPSS1(enzyme;Alzheimer_evidence);TCF7L2(transcription_factor;Alzheimer_evidence);TRAPPC3(Alzheimer_evidence);RRM1(enzyme;known_drug_target;Alzheimer_evidence);DYNC1I2(Alzheimer_evidence);GSTO1(enzyme;known_drug_target;Alzheimer_evidence);RPS6KC1(kinase;enzyme;known_drug_target;Alzheimer_evidence);MRPS15(Alzheimer_evidence);CEP68(Alzheimer_evidence);ADH5(enzyme;Alzheimer_evidence);COQ5(enzyme;Alzheimer_evidence);CYB5B(Alzheimer_evidence)	HTR1A(receptor;known_drug_target;Alzheimer_evidence);NDUFA8(Alzheimer_evidence);CSNK1A1(kinase;enzyme;known_drug_target;Alzheimer_evidence);FCF1(Alzheimer_evidence);COPA(receptor;known_drug_target;Alzheimer_evidence);DSTYK(kinase;enzyme;known_drug_target;Alzheimer_evidence);SMG8(Alzheimer_evidence);PTGS2(enzyme;known_drug_target;Alzheimer_evidence);MRPS27(Alzheimer_evidence);PRDX1(Alzheimer_evidence);SPTLC2(enzyme;known_drug_target;Alzheimer_evidence);GNPAT(enzyme;Alzheimer_evidence);NDUFS4(Alzheimer_evidence);PAPSS1(enzyme;Alzheimer_evidence);TCF7L2(transcription_factor;Alzheimer_evidence);TRAPPC3(Alzheimer_evidence);RRM1(enzyme;known_drug_target;Alzheimer_evidence);DYNC1I2(Alzheimer_evidence);GSTO1(enzyme;known_drug_target;Alzheimer_evidence);RPS6KC1(kinase;enzyme;known_drug_target;Alzheimer_evidence)
ME_M449	-0.09124207651675373	0.25574886711174516	0.022286873466830157	0.7817366482469364	-0.05364884968994559	0.50456314878115	0.041417422152313046	0.6065300693523351	-0.0005289895757710494	0.9947537442836173	0.09124207651675373	449	CT	221	15	therapeutic_targets	449	793.3179723502304	259	159	139	27	7	1	1	NDUFS2(enzyme;Alzheimer_evidence);RAB7A(Alzheimer_evidence);ACACA(enzyme;known_drug_target;Alzheimer_evidence);NUP205(Alzheimer_evidence);PDE4B(known_drug_target;Alzheimer_evidence);PRDX1(Alzheimer_evidence);CTSL(enzyme;known_drug_target;Alzheimer_evidence);PSENEN(Alzheimer_evidence);MTHFD1L(enzyme;Alzheimer_evidence);MAPK14(kinase;enzyme;known_drug_target;Alzheimer_evidence);DYNLRB1(Alzheimer_evidence);PARP8(Alzheimer_evidence);ASCC1(Alzheimer_evidence);VCP(Alzheimer_evidence);TUBB(known_drug_target;Alzheimer_evidence);SORCS1(receptor;Alzheimer_evidence);TMED4(Alzheimer_evidence);NIT1(Alzheimer_evidence);TMEM163(transporter;Alzheimer_evidence);APOC2(Alzheimer_evidence);CLTCL1(Alzheimer_evidence);GALK2(enzyme;Alzheimer_evidence);DHCR24(enzyme;Alzheimer_evidence);AIF1(Alzheimer_evidence);CFL1(Alzheimer_evidence)	NDUFS2(enzyme;Alzheimer_evidence);RAB7A(Alzheimer_evidence);ACACA(enzyme;known_drug_target;Alzheimer_evidence);NUP205(Alzheimer_evidence);PDE4B(known_drug_target;Alzheimer_evidence);PRDX1(Alzheimer_evidence);CTSL(enzyme;known_drug_target;Alzheimer_evidence);PSENEN(Alzheimer_evidence);MTHFD1L(enzyme;Alzheimer_evidence);MAPK14(kinase;enzyme;known_drug_target;Alzheimer_evidence);DYNLRB1(Alzheimer_evidence);PARP8(Alzheimer_evidence);ASCC1(Alzheimer_evidence);VCP(Alzheimer_evidence);TUBB(known_drug_target;Alzheimer_evidence);SORCS1(receptor;Alzheimer_evidence);TMED4(Alzheimer_evidence);NIT1(Alzheimer_evidence);TMEM163(transporter;Alzheimer_evidence);APOC2(Alzheimer_evidence)
ME_M504	-0.08821090815688101	0.27194686498920995	-0.03179638395768464	0.6926039203460838	-0.023927290064889223	0.7661192485059224	0.04962977478469986	0.5370563120963687	-0.023238730726539435	0.7726635443882849	0.08821090815688101	504	CT	497	16	therapeutic_targets	504	2305.8354430379745	728	414	389	95	30	5	17	BCHE(enzyme;known_drug_target;Alzheimer_evidence);HMGCR(enzyme;known_drug_target;Alzheimer_evidence);NDUFA9(enzyme;Alzheimer_evidence);PPT1(enzyme;known_drug_target;Alzheimer_evidence);COPA(receptor;known_drug_target;Alzheimer_evidence);SNRPD3(Alzheimer_evidence);PTDSS1(enzyme;Alzheimer_evidence);SQLE(enzyme;known_drug_target;Alzheimer_evidence);CDH13(Alzheimer_evidence);CNTNAP2(Alzheimer_evidence);RAD51C(Alzheimer_evidence);KIT(kinase;enzyme;receptor;known_drug_target;Alzheimer_evidence);SLC39A10(transporter;known_drug_target;Alzheimer_evidence);FAM20B(kinase;enzyme;Alzheimer_evidence);HTR2C(receptor;known_drug_target;Alzheimer_evidence);CACNA1A(ion_channel;known_drug_target;Alzheimer_evidence);EXOC2(Alzheimer_evidence);HAVCR2(receptor;known_drug_target;Alzheimer_evidence);SLC25A4(transporter;known_drug_target;Alzheimer_evidence);PPP3R1(enzyme;Alzheimer_evidence);CELF4(Alzheimer_evidence);RGMB(receptor;Alzheimer_evidence);MRPS15(Alzheimer_evidence);MB21D2(Alzheimer_evidence);HEXB(enzyme;Alzheimer_evidence)	BCHE(enzyme;known_drug_target;Alzheimer_evidence);HMGCR(enzyme;known_drug_target;Alzheimer_evidence);NDUFA9(enzyme;Alzheimer_evidence);PPT1(enzyme;known_drug_target;Alzheimer_evidence);COPA(receptor;known_drug_target;Alzheimer_evidence);SNRPD3(Alzheimer_evidence);PTDSS1(enzyme;Alzheimer_evidence);SQLE(enzyme;known_drug_target;Alzheimer_evidence);CDH13(Alzheimer_evidence);CNTNAP2(Alzheimer_evidence);RAD51C(Alzheimer_evidence);KIT(kinase;enzyme;receptor;known_drug_target;Alzheimer_evidence);SLC39A10(transporter;known_drug_target;Alzheimer_evidence);FAM20B(kinase;enzyme;Alzheimer_evidence);HTR2C(receptor;known_drug_target;Alzheimer_evidence);CACNA1A(ion_channel;known_drug_target;Alzheimer_evidence);EXOC2(Alzheimer_evidence);HAVCR2(receptor;known_drug_target;Alzheimer_evidence);SLC25A4(transporter;known_drug_target;Alzheimer_evidence);PPP3R1(enzyme;Alzheimer_evidence)
ME_M506	0.10945141094628333	0.17238938614924057	-0.0004677315497247647	0.9953612637197844	0.06206785428179236	0.4399733604894295	-0.03736975778669668	0.6421732969888571	0.013542580807555372	0.8663159852828758	0.10945141094628333	506	CT	478	17	therapeutic_targets	506	1973.5065502183409	627	394	374	51	17	2	6	NDUFS1(enzyme;Alzheimer_evidence);ATP6V1A(enzyme;known_drug_target;Alzheimer_evidence);CAMLG(Alzheimer_evidence);ATP6V1C1(known_drug_target;Alzheimer_evidence);MTMR6(enzyme;Alzheimer_evidence);CLTC(Alzheimer_evidence);NDUFB9(Alzheimer_evidence);NDUFA5(Alzheimer_evidence);DHX15(Alzheimer_evidence);RAP2B(Alzheimer_evidence);SNRK(kinase;enzyme;known_drug_target;Alzheimer_evidence);QPCT(enzyme;known_drug_target;Alzheimer_evidence);DLD(enzyme;Alzheimer_evidence);NDUFB6(Alzheimer_evidence);MAP2K4(kinase;enzyme;known_drug_target;Alzheimer_evidence);COX7B(enzyme;Alzheimer_evidence);TRMT10C(enzyme;Alzheimer_evidence);ARL1(Alzheimer_evidence);MRPL42(Alzheimer_evidence);MRPL45(Alzheimer_evidence);UBE2V2(enzyme;Alzheimer_evidence);SCARB2(receptor;Alzheimer_evidence);ACTR2(Alzheimer_evidence);ADH5(enzyme;Alzheimer_evidence);ARHGAP15(Alzheimer_evidence)	NDUFS1(enzyme;Alzheimer_evidence);ATP6V1A(enzyme;known_drug_target;Alzheimer_evidence);CAMLG(Alzheimer_evidence);ATP6V1C1(known_drug_target;Alzheimer_evidence);MTMR6(enzyme;Alzheimer_evidence);CLTC(Alzheimer_evidence);NDUFB9(Alzheimer_evidence);NDUFA5(Alzheimer_evidence);DHX15(Alzheimer_evidence);RAP2B(Alzheimer_evidence);SNRK(kinase;enzyme;known_drug_target;Alzheimer_evidence);QPCT(enzyme;known_drug_target;Alzheimer_evidence);DLD(enzyme;Alzheimer_evidence);NDUFB6(Alzheimer_evidence);MAP2K4(kinase;enzyme;known_drug_target;Alzheimer_evidence);COX7B(enzyme;Alzheimer_evidence);TRMT10C(enzyme;Alzheimer_evidence);ARL1(Alzheimer_evidence);MRPL42(Alzheimer_evidence);MRPL45(Alzheimer_evidence)
ME_M509	0.11799845203288392	0.14106180763930015	-0.00033420782740411006	0.9966854786509594	0.0703585487571105	0.381230666326325	-0.036014861133052065	0.6542945560894764	0.002122077252362388	0.9789565587506862	0.11799845203288392	509	CT	457	18	therapeutic_targets	509	1658.0	528	352	324	38	10	1	1	NDUFAB1(Alzheimer_evidence);NDUFV2(enzyme;Alzheimer_evidence);LSM6(Alzheimer_evidence);NDUFB9(Alzheimer_evidence);COPB1(Alzheimer_evidence);SNRPE(Alzheimer_evidence);RSL24D1(Alzheimer_evidence);ING3(Alzheimer_evidence);CAST(Alzheimer_evidence);PPP3CC(enzyme;Alzheimer_evidence);NDUFB6(Alzheimer_evidence);KAT7(enzyme;transcription_factor;known_drug_target;Alzheimer_evidence);PTPRS(enzyme;receptor;known_drug_target;Alzheimer_evidence);COX7B(enzyme;Alzheimer_evidence);PNO1(Alzheimer_evidence);ATP5F1C(enzyme;known_drug_target;Alzheimer_evidence);NDUFS4(Alzheimer_evidence);DSTN(Alzheimer_evidence);MRPL33(Alzheimer_evidence);RRM2B(enzyme;known_drug_target;Alzheimer_evidence);GSTO1(enzyme;known_drug_target;Alzheimer_evidence);SH3BGRL(Alzheimer_evidence);NEGR1(Alzheimer_evidence);GRK5(kinase;GPCR;enzyme;receptor;known_drug_target;Alzheimer_evidence);CREM(Alzheimer_evidence)	NDUFAB1(Alzheimer_evidence);NDUFV2(enzyme;Alzheimer_evidence);LSM6(Alzheimer_evidence);NDUFB9(Alzheimer_evidence);COPB1(Alzheimer_evidence);SNRPE(Alzheimer_evidence);RSL24D1(Alzheimer_evidence);ING3(Alzheimer_evidence);CAST(Alzheimer_evidence);PPP3CC(enzyme;Alzheimer_evidence);NDUFB6(Alzheimer_evidence);KAT7(enzyme;transcription_factor;known_drug_target;Alzheimer_evidence);PTPRS(enzyme;receptor;known_drug_target;Alzheimer_evidence);COX7B(enzyme;Alzheimer_evidence);PNO1(Alzheimer_evidence);ATP5F1C(enzyme;known_drug_target;Alzheimer_evidence);NDUFS4(Alzheimer_evidence);DSTN(Alzheimer_evidence);MRPL33(Alzheimer_evidence);RRM2B(enzyme;known_drug_target;Alzheimer_evidence)
ME_M511	0.10953856084096905	0.17204587299506977	0.0019059742249804244	0.9810991108800651	0.07962496722506465	0.32153899185393237	-0.059162056697485095	0.46171872115971235	0.025564057327110958	0.7506298329664681	0.10953856084096905	511	CT	601	19	therapeutic_targets	511	2189.3631669535284	700	450	405	65	17	0	13	NDUFS5(Alzheimer_evidence);MASTL(kinase;enzyme;known_drug_target;Alzheimer_evidence);NDUFC2(Alzheimer_evidence);NDUFA6(Alzheimer_evidence);NDUFC1(Alzheimer_evidence);PTDSS1(enzyme;Alzheimer_evidence);ATP8B4(enzyme;known_drug_target;Alzheimer_evidence);BTF3(transcription_factor;Alzheimer_evidence);COX7C(enzyme;Alzheimer_evidence);UQCRB(enzyme;Alzheimer_evidence);EMC4(Alzheimer_evidence);ARPC5L(Alzheimer_evidence);LCMT1(enzyme;Alzheimer_evidence);CCN3(known_drug_target;Alzheimer_evidence);GRIA1(ion_channel;receptor;known_drug_target;Alzheimer_evidence);MRPS17(Alzheimer_evidence);PSME4(Alzheimer_evidence);CNTNAP5(Alzheimer_evidence);NEGR1(Alzheimer_evidence);KCNJ3(ion_channel;known_drug_target;Alzheimer_evidence);G3BP2(Alzheimer_evidence);BZW2(Alzheimer_evidence);PCBP2(Alzheimer_evidence);CKAP5(Alzheimer_evidence);ARPC2(Alzheimer_evidence)	NDUFS5(Alzheimer_evidence);MASTL(kinase;enzyme;known_drug_target;Alzheimer_evidence);NDUFC2(Alzheimer_evidence);NDUFA6(Alzheimer_evidence);NDUFC1(Alzheimer_evidence);PTDSS1(enzyme;Alzheimer_evidence);ATP8B4(enzyme;known_drug_target;Alzheimer_evidence);BTF3(transcription_factor;Alzheimer_evidence);COX7C(enzyme;Alzheimer_evidence);UQCRB(enzyme;Alzheimer_evidence);EMC4(Alzheimer_evidence);ARPC5L(Alzheimer_evidence);LCMT1(enzyme;Alzheimer_evidence);CCN3(known_drug_target;Alzheimer_evidence);GRIA1(ion_channel;receptor;known_drug_target;Alzheimer_evidence);MRPS17(Alzheimer_evidence);PSME4(Alzheimer_evidence);CNTNAP5(Alzheimer_evidence);NEGR1(Alzheimer_evidence);KCNJ3(ion_channel;known_drug_target;Alzheimer_evidence)
ME_M786	-0.04164745721622513	0.6045309387012496	-0.06336114878235867	0.4304854277186622	0.019742789709992804	0.8061284900516631	0.04874547195481517	0.5443429290513353	-0.01917172843303508	0.81163031784029	0.06336114878235867	786	CT	162	20	therapeutic_targets	786	791.9074074074074	243	129	122	39	11	3	9	MTMR9(Alzheimer_evidence);MRPL42(Alzheimer_evidence);PPP3R1(enzyme;Alzheimer_evidence);GABRA4(ion_channel;receptor;known_drug_target;Alzheimer_evidence);KCNJ3(ion_channel;known_drug_target;Alzheimer_evidence);HCN1(ion_channel;known_drug_target;Alzheimer_evidence);PLCXD3(Alzheimer_evidence);MAP3K7(kinase;enzyme;known_drug_target;Alzheimer_evidence);UBE2K(enzyme;Alzheimer_evidence);SLC2A13(transporter;known_drug_target;Alzheimer_evidence);MKX(transcription_factor;Alzheimer_evidence);CHRM2(receptor;known_drug_target;Alzheimer_evidence);FOXG1(transcription_factor;Alzheimer_evidence);ELAVL2(Alzheimer_evidence);RGS18(known_drug_target;Alzheimer_evidence);GFM2(Alzheimer_evidence);PRNP(known_drug_target;Alzheimer_evidence);NLGN1(enzyme;known_drug_target;Alzheimer_evidence);GABRB2(ion_channel;receptor;known_drug_target;Alzheimer_evidence);UBQLN1(Alzheimer_evidence);ADCYAP1(enzyme;known_drug_target;Alzheimer_evidence);TBK1(kinase;enzyme;known_drug_target;Alzheimer_evidence);ARL8B(Alzheimer_evidence);MEF2A(transcription_factor;Alzheimer_evidence);NRBF2(nuclear_receptor;receptor;Alzheimer_evidence)	MTMR9(Alzheimer_evidence);MRPL42(Alzheimer_evidence);PPP3R1(enzyme;Alzheimer_evidence);GABRA4(ion_channel;receptor;known_drug_target;Alzheimer_evidence);KCNJ3(ion_channel;known_drug_target;Alzheimer_evidence);HCN1(ion_channel;known_drug_target;Alzheimer_evidence);PLCXD3(Alzheimer_evidence);MAP3K7(kinase;enzyme;known_drug_target;Alzheimer_evidence);UBE2K(enzyme;Alzheimer_evidence);SLC2A13(transporter;known_drug_target;Alzheimer_evidence);MKX(transcription_factor;Alzheimer_evidence);CHRM2(receptor;known_drug_target;Alzheimer_evidence);FOXG1(transcription_factor;Alzheimer_evidence);ELAVL2(Alzheimer_evidence);RGS18(known_drug_target;Alzheimer_evidence);GFM2(Alzheimer_evidence);PRNP(known_drug_target;Alzheimer_evidence);NLGN1(enzyme;known_drug_target;Alzheimer_evidence);GABRB2(ion_channel;receptor;known_drug_target;Alzheimer_evidence);UBQLN1(Alzheimer_evidence)
ME_M1080	-0.021158295503099937	0.7925323983108602	-0.030008203810144414	0.7090880910029377	-0.014091156568962515	0.8609543400540101	0.029811946746505544	0.7109056777830273	-0.00859444047934895	0.9149242797291188	0.030008203810144414	1080	CT	194	21	therapeutic_targets	1080	786.2642487046633	255	141	128	35	10	0	2	PPP1R10(enzyme;transcription_factor;Alzheimer_evidence);SON(Alzheimer_evidence);KAT5(transcription_factor;known_drug_target;Alzheimer_evidence);B4GALT1(enzyme;Alzheimer_evidence);ZFHX3(transcription_factor;Alzheimer_evidence);MVP(Alzheimer_evidence);FADS1(enzyme;Alzheimer_evidence);MAST2(kinase;enzyme;known_drug_target;Alzheimer_evidence);PPP1CA(enzyme;known_drug_target;Alzheimer_evidence);CNOT12(Alzheimer_evidence);CUX1(transcription_factor;Alzheimer_evidence);PBX2(transcription_factor;Alzheimer_evidence);FAM20C(kinase;enzyme;Alzheimer_evidence);GATAD2B(transcription_factor;Alzheimer_evidence);PHB1(Alzheimer_evidence);PLCD1(enzyme;known_drug_target;Alzheimer_evidence);SQSTM1(transcription_factor;known_drug_target;Alzheimer_evidence);COMT(enzyme;known_drug_target;Alzheimer_evidence);MED24(Alzheimer_evidence);KCNJ11(ion_channel;known_drug_target;Alzheimer_evidence);CST3(enzyme;Alzheimer_evidence);MT3(Alzheimer_evidence);TRAF2(receptor;transcription_factor;Alzheimer_evidence);VAMP2(Alzheimer_evidence);CD81(Alzheimer_evidence)	PPP1R10(enzyme;transcription_factor;Alzheimer_evidence);SON(Alzheimer_evidence);KAT5(transcription_factor;known_drug_target;Alzheimer_evidence);B4GALT1(enzyme;Alzheimer_evidence);ZFHX3(transcription_factor;Alzheimer_evidence);MVP(Alzheimer_evidence);FADS1(enzyme;Alzheimer_evidence);MAST2(kinase;enzyme;known_drug_target;Alzheimer_evidence);PPP1CA(enzyme;known_drug_target;Alzheimer_evidence);CNOT12(Alzheimer_evidence);CUX1(transcription_factor;Alzheimer_evidence);PBX2(transcription_factor;Alzheimer_evidence);FAM20C(kinase;enzyme;Alzheimer_evidence);GATAD2B(transcription_factor;Alzheimer_evidence);PHB1(Alzheimer_evidence);PLCD1(enzyme;known_drug_target;Alzheimer_evidence);SQSTM1(transcription_factor;known_drug_target;Alzheimer_evidence);COMT(enzyme;known_drug_target;Alzheimer_evidence);MED24(Alzheimer_evidence);KCNJ11(ion_channel;known_drug_target;Alzheimer_evidence)
ME_M1132	0.029701515663252624	0.7119291251312316	0.05188914753928339	0.5186624452448367	-0.011355563720494611	0.887749595117825	-0.04520581242492028	0.5739876960546705	0.03903955139404803	0.6273640195461397	0.05188914753928339	1132	CT	269	22	therapeutic_targets	1132	1033.6305970149251	335	189	168	49	13	0	2	SCARB1(receptor;Alzheimer_evidence);AXL(kinase;enzyme;receptor;known_drug_target;Alzheimer_evidence);RAB7A(Alzheimer_evidence);PAF1(Alzheimer_evidence);GBF1(Alzheimer_evidence);PDGFRA(kinase;enzyme;receptor;known_drug_target;Alzheimer_evidence);RXRG(receptor;known_drug_target;Alzheimer_evidence);TTN(kinase;enzyme;known_drug_target;Alzheimer_evidence);USP6NL(Alzheimer_evidence);JUN(transcription_factor;Alzheimer_evidence);PDGFRB(kinase;enzyme;receptor;known_drug_target;Alzheimer_evidence);XPO7(Alzheimer_evidence);RIN3(Alzheimer_evidence);RBCK1(transcription_factor;Alzheimer_evidence);NEK6(kinase;enzyme;known_drug_target;Alzheimer_evidence);CORO1C(Alzheimer_evidence);WBP1L(Alzheimer_evidence);NECAP2(Alzheimer_evidence);SIK3(kinase;enzyme;known_drug_target;Alzheimer_evidence);NATD1(Alzheimer_evidence);ATP8B2(enzyme;known_drug_target;Alzheimer_evidence);SLC25A29(transporter;known_drug_target;Alzheimer_evidence);DOCK6(Alzheimer_evidence);JARID2(Alzheimer_evidence);FARP2(Alzheimer_evidence)	SCARB1(receptor;Alzheimer_evidence);AXL(kinase;enzyme;receptor;known_drug_target;Alzheimer_evidence);RAB7A(Alzheimer_evidence);PAF1(Alzheimer_evidence);GBF1(Alzheimer_evidence);PDGFRA(kinase;enzyme;receptor;known_drug_target;Alzheimer_evidence);RXRG(receptor;known_drug_target;Alzheimer_evidence);TTN(kinase;enzyme;known_drug_target;Alzheimer_evidence);USP6NL(Alzheimer_evidence);JUN(transcription_factor;Alzheimer_evidence);PDGFRB(kinase;enzyme;receptor;known_drug_target;Alzheimer_evidence);XPO7(Alzheimer_evidence);RIN3(Alzheimer_evidence);RBCK1(transcription_factor;Alzheimer_evidence);NEK6(kinase;enzyme;known_drug_target;Alzheimer_evidence);CORO1C(Alzheimer_evidence);WBP1L(Alzheimer_evidence);NECAP2(Alzheimer_evidence);SIK3(kinase;enzyme;known_drug_target;Alzheimer_evidence);NATD1(Alzheimer_evidence)
ME_M1135	0.04283187806418364	0.5942843659297069	0.04105233957333922	0.6097088292047044	0.005982889212619559	0.9407183708538999	-0.02147647209538993	0.7894846985714624	0.037178767701178624	0.6438763348086153	0.04283187806418364	1135	CT	346	23	therapeutic_targets	1135	1284.9411764705883	418	244	215	52	20	0	4	CDC25B(enzyme;Alzheimer_evidence);MT-ND1(enzyme;Alzheimer_evidence);CLK3(kinase;enzyme;known_drug_target;Alzheimer_evidence);PDE9A(enzyme;known_drug_target;Alzheimer_evidence);FLNA(Alzheimer_evidence);TRRAP(kinase;enzyme;known_drug_target;Alzheimer_evidence);CACNA1A(ion_channel;known_drug_target;Alzheimer_evidence);NME4(kinase;enzyme;Alzheimer_evidence);DYRK1B(kinase;enzyme;known_drug_target;Alzheimer_evidence);SHROOM1(Alzheimer_evidence);CDK11B(kinase;enzyme;known_drug_target;Alzheimer_evidence);NRF1(Alzheimer_evidence);EPS15L1(receptor;Alzheimer_evidence);SLC22A23(transporter;known_drug_target;Alzheimer_evidence);TACC2(Alzheimer_evidence);TRIOBP(Alzheimer_evidence);TTC28(Alzheimer_evidence);COLQ(Alzheimer_evidence);TAFA5(Alzheimer_evidence);CELF5(Alzheimer_evidence);FGFR1(kinase;enzyme;receptor;known_drug_target;Alzheimer_evidence);FRMD4A(Alzheimer_evidence);RARA(receptor;known_drug_target;Alzheimer_evidence);DOCK6(Alzheimer_evidence);BRD1(known_drug_target;Alzheimer_evidence)	CDC25B(enzyme;Alzheimer_evidence);MT-ND1(enzyme;Alzheimer_evidence);CLK3(kinase;enzyme;known_drug_target;Alzheimer_evidence);PDE9A(enzyme;known_drug_target;Alzheimer_evidence);FLNA(Alzheimer_evidence);TRRAP(kinase;enzyme;known_drug_target;Alzheimer_evidence);CACNA1A(ion_channel;known_drug_target;Alzheimer_evidence);NME4(kinase;enzyme;Alzheimer_evidence);DYRK1B(kinase;enzyme;known_drug_target;Alzheimer_evidence);SHROOM1(Alzheimer_evidence);CDK11B(kinase;enzyme;known_drug_target;Alzheimer_evidence);NRF1(Alzheimer_evidence);EPS15L1(receptor;Alzheimer_evidence);SLC22A23(transporter;known_drug_target;Alzheimer_evidence);TACC2(Alzheimer_evidence);TRIOBP(Alzheimer_evidence);TTC28(Alzheimer_evidence);COLQ(Alzheimer_evidence);TAFA5(Alzheimer_evidence);CELF5(Alzheimer_evidence)
ME_M1157	-0.08376078033586351	0.29696367353861397	-0.044108456530839585	0.5833294433070126	-0.04095098559094966	0.6105926128403573	0.060152358731117475	0.4542418655640983	-0.012705438892732835	0.8745096791973134	0.08376078033586351	1157	CT	423	24	therapeutic_targets	1157	924.670616113744	313	197	159	33	9	0	3	HMGCR(enzyme;known_drug_target;Alzheimer_evidence);CDK12(kinase;enzyme;known_drug_target;Alzheimer_evidence);PPP1R10(enzyme;transcription_factor;Alzheimer_evidence);MT-ND1(enzyme;Alzheimer_evidence);MAK(kinase;enzyme;known_drug_target;Alzheimer_evidence);EGFR(kinase;enzyme;receptor;known_drug_target;Alzheimer_evidence);ZNF827(transcription_factor;Alzheimer_evidence);ZFHX3(transcription_factor;Alzheimer_evidence);ZNF462(transcription_factor;Alzheimer_evidence);AUTS2(Alzheimer_evidence);SLC12A4(transporter;known_drug_target;Alzheimer_evidence);AKT1(kinase;enzyme;known_drug_target;Alzheimer_evidence);PTPN18(enzyme;receptor;Alzheimer_evidence);ECHDC2(Alzheimer_evidence);PTCD1(Alzheimer_evidence);YWHAB(Alzheimer_evidence);TSGA10(Alzheimer_evidence);INPP5A(enzyme;known_drug_target;Alzheimer_evidence);ZNF594(transcription_factor;Alzheimer_evidence);IKZF4(transcription_factor;Alzheimer_evidence);AGT(enzyme;known_drug_target;Alzheimer_evidence);EHMT1(enzyme;known_drug_target;Alzheimer_evidence);STING1(known_drug_target;Alzheimer_evidence);MGLL(enzyme;known_drug_target;Alzheimer_evidence);KMT2A(enzyme;transcription_factor;known_drug_target;Alzheimer_evidence)	HMGCR(enzyme;known_drug_target;Alzheimer_evidence);CDK12(kinase;enzyme;known_drug_target;Alzheimer_evidence);PPP1R10(enzyme;transcription_factor;Alzheimer_evidence);MT-ND1(enzyme;Alzheimer_evidence);MAK(kinase;enzyme;known_drug_target;Alzheimer_evidence);EGFR(kinase;enzyme;receptor;known_drug_target;Alzheimer_evidence);ZNF827(transcription_factor;Alzheimer_evidence);ZFHX3(transcription_factor;Alzheimer_evidence);ZNF462(transcription_factor;Alzheimer_evidence);AUTS2(Alzheimer_evidence);SLC12A4(transporter;known_drug_target;Alzheimer_evidence);AKT1(kinase;enzyme;known_drug_target;Alzheimer_evidence);PTPN18(enzyme;receptor;Alzheimer_evidence);ECHDC2(Alzheimer_evidence);PTCD1(Alzheimer_evidence);YWHAB(Alzheimer_evidence);TSGA10(Alzheimer_evidence);INPP5A(enzyme;known_drug_target;Alzheimer_evidence);ZNF594(transcription_factor;Alzheimer_evidence);IKZF4(transcription_factor;Alzheimer_evidence)
ME_M1159	0.048207910780277946	0.5487960653828872	-0.0004956839055292109	0.9950840490908133	0.04759029998909986	0.5539342120963441	0.011838232816715852	0.8830116957327026	0.022083566532262774	0.7836784344582819	0.048207910780277946	1159	CT	206	25	therapeutic_targets	1159	898.7815533980582	287	163	148	38	15	2	0	NECTIN2(Alzheimer_evidence);BRD2(known_drug_target;Alzheimer_evidence);PDGFRB(kinase;enzyme;receptor;known_drug_target;Alzheimer_evidence);DNPEP(enzyme;known_drug_target;Alzheimer_evidence);MGAT1(enzyme;Alzheimer_evidence);RIN3(Alzheimer_evidence);ECE1(enzyme;known_drug_target;Alzheimer_evidence);SPEN(Alzheimer_evidence);TCN2(Alzheimer_evidence);ALPL(enzyme;Alzheimer_evidence);PTPN21(enzyme;receptor;Alzheimer_evidence);ABL1(kinase;enzyme;receptor;known_drug_target;Alzheimer_evidence);NRF1(Alzheimer_evidence);SEC14L1(Alzheimer_evidence);SLC52A3(transporter;known_drug_target;Alzheimer_evidence);WBP1L(Alzheimer_evidence);TINAGL1(enzyme;Alzheimer_evidence);NECAP2(Alzheimer_evidence);ADORA2A(receptor;known_drug_target;Alzheimer_evidence);MKNK2(kinase;enzyme;known_drug_target;Alzheimer_evidence);DOCK1(Alzheimer_evidence);TGM2(enzyme;known_drug_target;Alzheimer_evidence);PCGF2(Alzheimer_evidence);CNN2(Alzheimer_evidence);RXRA(receptor;known_drug_target;Alzheimer_evidence)	NECTIN2(Alzheimer_evidence);BRD2(known_drug_target;Alzheimer_evidence);PDGFRB(kinase;enzyme;receptor;known_drug_target;Alzheimer_evidence);DNPEP(enzyme;known_drug_target;Alzheimer_evidence);MGAT1(enzyme;Alzheimer_evidence);RIN3(Alzheimer_evidence);ECE1(enzyme;known_drug_target;Alzheimer_evidence);SPEN(Alzheimer_evidence);TCN2(Alzheimer_evidence);ALPL(enzyme;Alzheimer_evidence);PTPN21(enzyme;receptor;Alzheimer_evidence);ABL1(kinase;enzyme;receptor;known_drug_target;Alzheimer_evidence);NRF1(Alzheimer_evidence);SEC14L1(Alzheimer_evidence);SLC52A3(transporter;known_drug_target;Alzheimer_evidence);WBP1L(Alzheimer_evidence);TINAGL1(enzyme;Alzheimer_evidence);NECAP2(Alzheimer_evidence);ADORA2A(receptor;known_drug_target;Alzheimer_evidence);MKNK2(kinase;enzyme;known_drug_target;Alzheimer_evidence)
ME_M1160	-0.09065046787147554	0.2588569900004136	0.038200624541340156	0.6347863069965829	-0.08030053708856974	0.31743731928562136	-0.01631761785266482	0.8392610183690741	0.009077433415173052	0.9101626941601771	0.09065046787147554	1160	CT	231	26	therapeutic_targets	1160	878.2826086956521	294	159	134	41	16	1	4	SCARB1(receptor;Alzheimer_evidence);TSPAN14(Alzheimer_evidence);TTN(kinase;enzyme;known_drug_target;Alzheimer_evidence);MPRIP(enzyme;Alzheimer_evidence);TRRAP(kinase;enzyme;known_drug_target;Alzheimer_evidence);MAP4K2(kinase;enzyme;known_drug_target;Alzheimer_evidence);AUTS2(Alzheimer_evidence);PRKD2(kinase;enzyme;known_drug_target;Alzheimer_evidence);MACF1(Alzheimer_evidence);TTC28(Alzheimer_evidence);PPP1R9B(enzyme;Alzheimer_evidence);ZFAT(transcription_factor;Alzheimer_evidence);ANKRD9(Alzheimer_evidence);FLT4(kinase;enzyme;receptor;known_drug_target;Alzheimer_evidence);RARG(receptor;known_drug_target;Alzheimer_evidence);KDM2B(transcription_factor;known_drug_target;Alzheimer_evidence);TGFB1(known_drug_target;Alzheimer_evidence);PIK3CD(kinase;enzyme;known_drug_target;Alzheimer_evidence);NOTCH3(receptor;known_drug_target;Alzheimer_evidence);EHMT2(enzyme;known_drug_target;Alzheimer_evidence);LASP1(Alzheimer_evidence);MAPKAPK3(kinase;enzyme;known_drug_target;Alzheimer_evidence);DLL1(Alzheimer_evidence);KCNIP3(ion_channel;Alzheimer_evidence);ARID1A(Alzheimer_evidence)	SCARB1(receptor;Alzheimer_evidence);TSPAN14(Alzheimer_evidence);TTN(kinase;enzyme;known_drug_target;Alzheimer_evidence);MPRIP(enzyme;Alzheimer_evidence);TRRAP(kinase;enzyme;known_drug_target;Alzheimer_evidence);MAP4K2(kinase;enzyme;known_drug_target;Alzheimer_evidence);AUTS2(Alzheimer_evidence);PRKD2(kinase;enzyme;known_drug_target;Alzheimer_evidence);MACF1(Alzheimer_evidence);TTC28(Alzheimer_evidence);PPP1R9B(enzyme;Alzheimer_evidence);ZFAT(transcription_factor;Alzheimer_evidence);ANKRD9(Alzheimer_evidence);FLT4(kinase;enzyme;receptor;known_drug_target;Alzheimer_evidence);RARG(receptor;known_drug_target;Alzheimer_evidence);KDM2B(transcription_factor;known_drug_target;Alzheimer_evidence);TGFB1(known_drug_target;Alzheimer_evidence);PIK3CD(kinase;enzyme;known_drug_target;Alzheimer_evidence);NOTCH3(receptor;known_drug_target;Alzheimer_evidence);EHMT2(enzyme;known_drug_target;Alzheimer_evidence)
ME_M1220	-0.07833008131609798	0.3294961435154239	0.12281833096810263	0.12541900073784715	-0.1205327840969984	0.1326610989545212	-0.03608329263966087	0.6536801460763235	-0.022424430636141655	0.7804236015333055	0.12281833096810263	1220	CT	215	27	therapeutic_targets	1220	876.6172248803828	289	164	140	40	10	4	0	SUPT6H(Alzheimer_evidence);AP3B1(Alzheimer_evidence);TFCP2L1(transcription_factor;Alzheimer_evidence);ZNF629(transcription_factor;Alzheimer_evidence);FGFR3(kinase;enzyme;receptor;known_drug_target;Alzheimer_evidence);ADARB2(enzyme;Alzheimer_evidence);ERBB2(kinase;enzyme;receptor;known_drug_target;Alzheimer_evidence);POFUT3(enzyme;Alzheimer_evidence);TJP1(Alzheimer_evidence);SMARCA2(known_drug_target;Alzheimer_evidence);CKMT2(kinase;enzyme;Alzheimer_evidence);EIF3F(enzyme;Alzheimer_evidence);JARID2(Alzheimer_evidence);SLC24A1(transporter;known_drug_target;Alzheimer_evidence);SAR1B(Alzheimer_evidence);BRCA1(enzyme;Alzheimer_evidence);SLC1A2(transporter;known_drug_target;Alzheimer_evidence);PCYT1A(enzyme;Alzheimer_evidence);NAXE(enzyme;Alzheimer_evidence);NUP214(Alzheimer_evidence);PPP1R1B(enzyme;Alzheimer_evidence);DUSP16(kinase;enzyme;Alzheimer_evidence);S1PR1(receptor;known_drug_target;Alzheimer_evidence);FKBP5(enzyme;known_drug_target;Alzheimer_evidence);QRSL1(Alzheimer_evidence)	SUPT6H(Alzheimer_evidence);AP3B1(Alzheimer_evidence);TFCP2L1(transcription_factor;Alzheimer_evidence);ZNF629(transcription_factor;Alzheimer_evidence);FGFR3(kinase;enzyme;receptor;known_drug_target;Alzheimer_evidence);ADARB2(enzyme;Alzheimer_evidence);ERBB2(kinase;enzyme;receptor;known_drug_target;Alzheimer_evidence);POFUT3(enzyme;Alzheimer_evidence);TJP1(Alzheimer_evidence);SMARCA2(known_drug_target;Alzheimer_evidence);CKMT2(kinase;enzyme;Alzheimer_evidence);EIF3F(enzyme;Alzheimer_evidence);JARID2(Alzheimer_evidence);SLC24A1(transporter;known_drug_target;Alzheimer_evidence);SAR1B(Alzheimer_evidence);BRCA1(enzyme;Alzheimer_evidence);SLC1A2(transporter;known_drug_target;Alzheimer_evidence);PCYT1A(enzyme;Alzheimer_evidence);NAXE(enzyme;Alzheimer_evidence);NUP214(Alzheimer_evidence)
ME_M1599	-0.10234284957805899	0.20214765943662377	0.025889252037063472	0.747563975083692	-0.12658609396760345	0.11415123273689416	0.013584600308521124	0.8659050782273372	-0.007297404698493604	0.9277256087799793	0.12658609396760345	1599	CT	409	28	therapeutic_targets	1599	933.320707070707	329	211	151	36	10	0	5	CLK2(kinase;enzyme;known_drug_target;Alzheimer_evidence);INPP5D(enzyme;known_drug_target;Alzheimer_evidence);TTN(kinase;enzyme;known_drug_target;Alzheimer_evidence);AOPEP(enzyme;known_drug_target;Alzheimer_evidence);PRRX1(transcription_factor;Alzheimer_evidence);WWOX(enzyme;Alzheimer_evidence);NFATC2(Alzheimer_evidence);ARMH3(Alzheimer_evidence);RSAD1(Alzheimer_evidence);SLC39A11(transporter;known_drug_target;Alzheimer_evidence);ZBTB40(transcription_factor;Alzheimer_evidence);NMT2(known_drug_target;Alzheimer_evidence);LTBP1(Alzheimer_evidence);TAL1(transcription_factor;Alzheimer_evidence);TERF2(Alzheimer_evidence);RBM23(Alzheimer_evidence);ZNF232(transcription_factor;Alzheimer_evidence);CTNNAL1(Alzheimer_evidence);PAX6(transcription_factor;Alzheimer_evidence);UMPS(enzyme;Alzheimer_evidence);OAS1(enzyme;Alzheimer_evidence);ELK1(transcription_factor;Alzheimer_evidence);PPIL6(enzyme;Alzheimer_evidence);TMEM185B(Alzheimer_evidence);NQO1(enzyme;Alzheimer_evidence)	CLK2(kinase;enzyme;known_drug_target;Alzheimer_evidence);INPP5D(enzyme;known_drug_target;Alzheimer_evidence);TTN(kinase;enzyme;known_drug_target;Alzheimer_evidence);AOPEP(enzyme;known_drug_target;Alzheimer_evidence);PRRX1(transcription_factor;Alzheimer_evidence);WWOX(enzyme;Alzheimer_evidence);NFATC2(Alzheimer_evidence);ARMH3(Alzheimer_evidence);RSAD1(Alzheimer_evidence);SLC39A11(transporter;known_drug_target;Alzheimer_evidence);ZBTB40(transcription_factor;Alzheimer_evidence);NMT2(known_drug_target;Alzheimer_evidence);LTBP1(Alzheimer_evidence);TAL1(transcription_factor;Alzheimer_evidence);TERF2(Alzheimer_evidence);RBM23(Alzheimer_evidence);ZNF232(transcription_factor;Alzheimer_evidence);CTNNAL1(Alzheimer_evidence);PAX6(transcription_factor;Alzheimer_evidence);UMPS(enzyme;Alzheimer_evidence)
ME_M1753	0.15309879511512495	0.05558260322439596	-0.19675503718464155	0.013517927995449174	0.2475676398294372	0.0017718029884413484	0.0912718071175711	0.25559335266271554	-0.027967524521193055	0.7280656688169362	0.2475676398294372	1753	CT	600	29	therapeutic_targets	1753	1850.8784029038115	609	372	312	79	18	3	5	CD33(known_drug_target;Alzheimer_evidence);PLCG2(enzyme;known_drug_target;Alzheimer_evidence);MS4A6A(Alzheimer_evidence);NEU1(enzyme;known_drug_target;Alzheimer_evidence);XPO1(known_drug_target;Alzheimer_evidence);BLOC1S5(Alzheimer_evidence);SKP2(kinase;enzyme;known_drug_target;Alzheimer_evidence);CALR(Alzheimer_evidence);PAPOLA(enzyme;Alzheimer_evidence);SPTLC2(enzyme;known_drug_target;Alzheimer_evidence);HINFP(transcription_factor;Alzheimer_evidence);ZC3H8(transcription_factor;Alzheimer_evidence);S100A4(Alzheimer_evidence);ABHD6(enzyme;known_drug_target;Alzheimer_evidence);CAV1(Alzheimer_evidence);MAPK14(kinase;enzyme;known_drug_target;Alzheimer_evidence);TPST2(enzyme;Alzheimer_evidence);TLR5(receptor;known_drug_target;Alzheimer_evidence);GALM(enzyme;Alzheimer_evidence);MPDZ(Alzheimer_evidence);EED(known_drug_target;Alzheimer_evidence);SLC38A9(transporter;known_drug_target;Alzheimer_evidence);RSAD1(Alzheimer_evidence);ZNF615(transcription_factor;Alzheimer_evidence);SCYL3(Alzheimer_evidence)	CD33(known_drug_target;Alzheimer_evidence);PLCG2(enzyme;known_drug_target;Alzheimer_evidence);MS4A6A(Alzheimer_evidence);NEU1(enzyme;known_drug_target;Alzheimer_evidence);XPO1(known_drug_target;Alzheimer_evidence);BLOC1S5(Alzheimer_evidence);SKP2(kinase;enzyme;known_drug_target;Alzheimer_evidence);CALR(Alzheimer_evidence);PAPOLA(enzyme;Alzheimer_evidence);SPTLC2(enzyme;known_drug_target;Alzheimer_evidence);HINFP(transcription_factor;Alzheimer_evidence);ZC3H8(transcription_factor;Alzheimer_evidence);S100A4(Alzheimer_evidence);ABHD6(enzyme;known_drug_target;Alzheimer_evidence);CAV1(Alzheimer_evidence);MAPK14(kinase;enzyme;known_drug_target;Alzheimer_evidence);TPST2(enzyme;Alzheimer_evidence);TLR5(receptor;known_drug_target;Alzheimer_evidence);GALM(enzyme;Alzheimer_evidence);MPDZ(Alzheimer_evidence)
ME_M1755	-0.12011697148645602	0.134012470816178	0.16151092698724928	0.04329613357578285	-0.24178725312122587	0.002282530057125931	-0.10039620577772101	0.21090826394304918	0.039671751403179425	0.6217952356980242	0.24178725312122587	1755	CT	532	30	therapeutic_targets	1755	1918.0175097276265	645	391	328	76	16	2	3	TNPO3(Alzheimer_evidence);PPP1R15B(enzyme;Alzheimer_evidence);NUP205(Alzheimer_evidence);SNRPD2(Alzheimer_evidence);PANK1(kinase;enzyme;Alzheimer_evidence);MINDY2(Alzheimer_evidence);PRDX1(Alzheimer_evidence);CAPN2(enzyme;known_drug_target;Alzheimer_evidence);PPP3CC(enzyme;Alzheimer_evidence);PTPRJ(enzyme;receptor;known_drug_target;Alzheimer_evidence);GTF2I(transcription_factor;Alzheimer_evidence);FAM20B(kinase;enzyme;Alzheimer_evidence);PNO1(Alzheimer_evidence);PVR(known_drug_target;Alzheimer_evidence);PPP1CB(enzyme;Alzheimer_evidence);PURA(Alzheimer_evidence);SMARCC1(Alzheimer_evidence);STAG1(Alzheimer_evidence);CREM(Alzheimer_evidence);PCBP2(Alzheimer_evidence);RSAD1(Alzheimer_evidence);HOXB9(transcription_factor;Alzheimer_evidence);TUBB(known_drug_target;Alzheimer_evidence);RNF24(Alzheimer_evidence);BRWD1(known_drug_target;Alzheimer_evidence)	TNPO3(Alzheimer_evidence);PPP1R15B(enzyme;Alzheimer_evidence);NUP205(Alzheimer_evidence);SNRPD2(Alzheimer_evidence);PANK1(kinase;enzyme;Alzheimer_evidence);MINDY2(Alzheimer_evidence);PRDX1(Alzheimer_evidence);CAPN2(enzyme;known_drug_target;Alzheimer_evidence);PPP3CC(enzyme;Alzheimer_evidence);PTPRJ(enzyme;receptor;known_drug_target;Alzheimer_evidence);GTF2I(transcription_factor;Alzheimer_evidence);FAM20B(kinase;enzyme;Alzheimer_evidence);PNO1(Alzheimer_evidence);PVR(known_drug_target;Alzheimer_evidence);PPP1CB(enzyme;Alzheimer_evidence);PURA(Alzheimer_evidence);SMARCC1(Alzheimer_evidence);STAG1(Alzheimer_evidence);CREM(Alzheimer_evidence);PCBP2(Alzheimer_evidence)
ME_M1762	-0.29698411232898003	0.00015870138711421929	0.2887779292614613	0.0002445301014059665	-0.3578190361737803	4.206819287781435e-06	-0.15870807120618563	0.04710924017089628	0.08428985494897871	0.2939120995286572	0.3578190361737803	1762	CT	279	31	therapeutic_targets	1762	929.158671586716	309	186	149	38	13	2	6	MTFR1(Alzheimer_evidence);NFIB(Alzheimer_evidence);CCN3(known_drug_target;Alzheimer_evidence);CTCF(transcription_factor;Alzheimer_evidence);SAP30L(Alzheimer_evidence);ATP6V0A2(known_drug_target;Alzheimer_evidence);PPM1D(enzyme;known_drug_target;Alzheimer_evidence);LEF1(transcription_factor;Alzheimer_evidence);ING2(Alzheimer_evidence);IVNS1ABP(Alzheimer_evidence);SHROOM3(Alzheimer_evidence);UBP1(Alzheimer_evidence);MBD2(Alzheimer_evidence);ETV1(transcription_factor;Alzheimer_evidence);TAL1(transcription_factor;Alzheimer_evidence);COL11A1(Alzheimer_evidence);EP300(enzyme;transcription_factor;known_drug_target;Alzheimer_evidence);CDK2AP1(kinase;enzyme;Alzheimer_evidence);MTRFR(Alzheimer_evidence);ZBTB35(transcription_factor;Alzheimer_evidence);CLOCK(known_drug_target;Alzheimer_evidence);NRN1(Alzheimer_evidence);OPRD1(receptor;known_drug_target;Alzheimer_evidence);ALK(kinase;enzyme;receptor;known_drug_target;Alzheimer_evidence);INPPL1(enzyme;known_drug_target;Alzheimer_evidence)	MTFR1(Alzheimer_evidence);NFIB(Alzheimer_evidence);CCN3(known_drug_target;Alzheimer_evidence);CTCF(transcription_factor;Alzheimer_evidence);SAP30L(Alzheimer_evidence);ATP6V0A2(known_drug_target;Alzheimer_evidence);PPM1D(enzyme;known_drug_target;Alzheimer_evidence);LEF1(transcription_factor;Alzheimer_evidence);ING2(Alzheimer_evidence);IVNS1ABP(Alzheimer_evidence);SHROOM3(Alzheimer_evidence);UBP1(Alzheimer_evidence);MBD2(Alzheimer_evidence);ETV1(transcription_factor;Alzheimer_evidence);TAL1(transcription_factor;Alzheimer_evidence);COL11A1(Alzheimer_evidence);EP300(enzyme;transcription_factor;known_drug_target;Alzheimer_evidence);CDK2AP1(kinase;enzyme;Alzheimer_evidence);MTRFR(Alzheimer_evidence);ZBTB35(transcription_factor;Alzheimer_evidence)
ME_M1770	-0.27554459722783736	0.0004779131274213021	0.2527259177126612	0.0014063561353746276	-0.31412270404309817	6.165540812809964e-05	-0.0791997430539486	0.3241382035794034	0.06356103117007383	0.4290296055567074	0.31412270404309817	1770	CT	397	32	therapeutic_targets	1770	1253.4603174603174	423	264	217	42	16	0	2	NCK2(Alzheimer_evidence);DSTYK(kinase;enzyme;known_drug_target;Alzheimer_evidence);NOP16(Alzheimer_evidence);MINDY2(Alzheimer_evidence);VEZF1(transcription_factor;Alzheimer_evidence);MTFR1(Alzheimer_evidence);ZNF568(transcription_factor;Alzheimer_evidence);SYBU(Alzheimer_evidence);USP3(enzyme;Alzheimer_evidence);ATM(kinase;enzyme;known_drug_target;Alzheimer_evidence);GALM(enzyme;Alzheimer_evidence);MIOS(Alzheimer_evidence);ZNF813(transcription_factor;Alzheimer_evidence);PPM1D(enzyme;known_drug_target;Alzheimer_evidence);ZNF227(transcription_factor;Alzheimer_evidence);MAN1A1(enzyme;Alzheimer_evidence);SPTSSA(known_drug_target;Alzheimer_evidence);IP6K2(kinase;enzyme;Alzheimer_evidence);NFAT5(Alzheimer_evidence);FLRT2(Alzheimer_evidence);MTRFR(Alzheimer_evidence);RNF152(Alzheimer_evidence);SYNM(kinase;enzyme;Alzheimer_evidence);PHF3(Alzheimer_evidence);NEAT1(Alzheimer_evidence)	NCK2(Alzheimer_evidence);DSTYK(kinase;enzyme;known_drug_target;Alzheimer_evidence);NOP16(Alzheimer_evidence);MINDY2(Alzheimer_evidence);VEZF1(transcription_factor;Alzheimer_evidence);MTFR1(Alzheimer_evidence);ZNF568(transcription_factor;Alzheimer_evidence);SYBU(Alzheimer_evidence);USP3(enzyme;Alzheimer_evidence);ATM(kinase;enzyme;known_drug_target;Alzheimer_evidence);GALM(enzyme;Alzheimer_evidence);MIOS(Alzheimer_evidence);ZNF813(transcription_factor;Alzheimer_evidence);PPM1D(enzyme;known_drug_target;Alzheimer_evidence);ZNF227(transcription_factor;Alzheimer_evidence);MAN1A1(enzyme;Alzheimer_evidence);SPTSSA(known_drug_target;Alzheimer_evidence);IP6K2(kinase;enzyme;Alzheimer_evidence);NFAT5(Alzheimer_evidence);FLRT2(Alzheimer_evidence)
ME_M1779	0.3220726131247894	3.8976965248349735e-05	-0.329200454331967	2.5552874363610373e-05	0.381686703135261	8.125121142371034e-07	0.07577730133201788	0.34554972853956784	-0.03885502806592969	0.6289933977487675	0.381686703135261	1779	CT	238	33	therapeutic_targets	1779	945.7033898305084	318	186	160	32	15	0	1	CSNK1A1(kinase;enzyme;known_drug_target;Alzheimer_evidence);TNPO3(Alzheimer_evidence);PTK2B(kinase;enzyme;known_drug_target;Alzheimer_evidence);NGLY1(enzyme;Alzheimer_evidence);MTFR1(Alzheimer_evidence);FAM20B(kinase;enzyme;Alzheimer_evidence);TPST2(enzyme;Alzheimer_evidence);ZFTA(transcription_factor;Alzheimer_evidence);SAP30L(Alzheimer_evidence);ANXA2(Alzheimer_evidence);MADD(kinase;enzyme;Alzheimer_evidence);E2F3(transcription_factor;Alzheimer_evidence);BCCIP(Alzheimer_evidence);SAMHD1(enzyme;known_drug_target;Alzheimer_evidence);DUSP14(enzyme;Alzheimer_evidence);TCF20(transcription_factor;Alzheimer_evidence);KDM2A(transcription_factor;known_drug_target;Alzheimer_evidence);OSBPL2(Alzheimer_evidence);KIF2A(Alzheimer_evidence);GNPNAT1(enzyme;Alzheimer_evidence);CLN8(Alzheimer_evidence);ATF4(transcription_factor;Alzheimer_evidence);CASP3(enzyme;known_drug_target;Alzheimer_evidence);MTA2(transcription_factor;Alzheimer_evidence);HK1(enzyme;Alzheimer_evidence)	CSNK1A1(kinase;enzyme;known_drug_target;Alzheimer_evidence);TNPO3(Alzheimer_evidence);PTK2B(kinase;enzyme;known_drug_target;Alzheimer_evidence);NGLY1(enzyme;Alzheimer_evidence);MTFR1(Alzheimer_evidence);FAM20B(kinase;enzyme;Alzheimer_evidence);TPST2(enzyme;Alzheimer_evidence);ZFTA(transcription_factor;Alzheimer_evidence);SAP30L(Alzheimer_evidence);ANXA2(Alzheimer_evidence);MADD(kinase;enzyme;Alzheimer_evidence);E2F3(transcription_factor;Alzheimer_evidence);BCCIP(Alzheimer_evidence);SAMHD1(enzyme;known_drug_target;Alzheimer_evidence);DUSP14(enzyme;Alzheimer_evidence);TCF20(transcription_factor;Alzheimer_evidence);KDM2A(transcription_factor;known_drug_target;Alzheimer_evidence);OSBPL2(Alzheimer_evidence);KIF2A(Alzheimer_evidence);GNPNAT1(enzyme;Alzheimer_evidence)
ME_M1970	-0.14611903246332153	0.06784286567232671	0.1522441846730824	0.056977743564999704	-0.12073159084637448	0.13201869012853026	-0.12735231463586827	0.11195946230025589	-0.007773589491916137	0.9230234885286962	0.1522441846730824	1970	CT	236	34	therapeutic_targets	1970	794.5438596491229	254	160	140	29	8	0	0	CLU(known_drug_target;Alzheimer_evidence);PSAP(receptor;known_drug_target;Alzheimer_evidence);DDX39B(Alzheimer_evidence);TARS2(enzyme;Alzheimer_evidence);PRKAB1(kinase;enzyme;known_drug_target;Alzheimer_evidence);ABCC9(transporter;known_drug_target;Alzheimer_evidence);AASS(enzyme;Alzheimer_evidence);USP3(enzyme;Alzheimer_evidence);TJP2(Alzheimer_evidence);NDUFA7(Alzheimer_evidence);TAF1(transcription_factor;known_drug_target;Alzheimer_evidence);EIF4EBP2(Alzheimer_evidence);MAP3K20(kinase;enzyme;known_drug_target;Alzheimer_evidence);BMPR1B(receptor;known_drug_target;Alzheimer_evidence);ECHDC2(Alzheimer_evidence);COL21A1(Alzheimer_evidence);MRPS7(Alzheimer_evidence);CTNNA1(Alzheimer_evidence);MCCC2(enzyme;Alzheimer_evidence);CDKAL1(kinase;enzyme;Alzheimer_evidence);DDX19A(Alzheimer_evidence);SPRY1(Alzheimer_evidence);PDPR(enzyme;Alzheimer_evidence);SPON1(Alzheimer_evidence);MAOB(enzyme;known_drug_target;Alzheimer_evidence)	CLU(known_drug_target;Alzheimer_evidence);PSAP(receptor;known_drug_target;Alzheimer_evidence);DDX39B(Alzheimer_evidence);TARS2(enzyme;Alzheimer_evidence);PRKAB1(kinase;enzyme;known_drug_target;Alzheimer_evidence);ABCC9(transporter;known_drug_target;Alzheimer_evidence);AASS(enzyme;Alzheimer_evidence);USP3(enzyme;Alzheimer_evidence);TJP2(Alzheimer_evidence);NDUFA7(Alzheimer_evidence);TAF1(transcription_factor;known_drug_target;Alzheimer_evidence);EIF4EBP2(Alzheimer_evidence);MAP3K20(kinase;enzyme;known_drug_target;Alzheimer_evidence);BMPR1B(receptor;known_drug_target;Alzheimer_evidence);ECHDC2(Alzheimer_evidence);COL21A1(Alzheimer_evidence);MRPS7(Alzheimer_evidence);CTNNA1(Alzheimer_evidence);MCCC2(enzyme;Alzheimer_evidence);CDKAL1(kinase;enzyme;Alzheimer_evidence)
ME_M1974	-0.017144193862160095	0.8312371261567156	-0.021367108024552744	0.7905319007344571	-0.002228866673196871	0.977897850242094	0.04889408008002251	0.5431150107656422	-0.08384232661010824	0.29649197170588476	0.08384232661010824	1974	CT	376	35	therapeutic_targets	1974	1568.3155080213903	506	274	251	81	19	4	1	CDK4(kinase;enzyme;known_drug_target;Alzheimer_evidence);MTMR3(enzyme;transcription_factor;Alzheimer_evidence);TGFBR2(kinase;enzyme;receptor;known_drug_target;Alzheimer_evidence);INPP5D(enzyme;known_drug_target;Alzheimer_evidence);ZNF207(transcription_factor;Alzheimer_evidence);MTMR14(enzyme;Alzheimer_evidence);RIPK1(kinase;enzyme;receptor;known_drug_target;Alzheimer_evidence);ABCA1(transporter;enzyme;Alzheimer_evidence);PIP5K1A(kinase;enzyme;known_drug_target;Alzheimer_evidence);B4GALT1(enzyme;Alzheimer_evidence);CTSH(enzyme;known_drug_target;Alzheimer_evidence);MGAT1(enzyme;Alzheimer_evidence);IL6R(receptor;known_drug_target;Alzheimer_evidence);SDCCAG8(Alzheimer_evidence);PPP4R1(enzyme;Alzheimer_evidence);TFPI(enzyme;known_drug_target;Alzheimer_evidence);TP53INP1(Alzheimer_evidence);DDR2(kinase;enzyme;receptor;known_drug_target;Alzheimer_evidence);ANXA2(Alzheimer_evidence);ERG(transcription_factor;Alzheimer_evidence);AUTS2(Alzheimer_evidence);APOC1(Alzheimer_evidence);SYNE2(Alzheimer_evidence);SFT2D2(Alzheimer_evidence);PDE3A(enzyme;known_drug_target;Alzheimer_evidence)	CDK4(kinase;enzyme;known_drug_target;Alzheimer_evidence);MTMR3(enzyme;transcription_factor;Alzheimer_evidence);TGFBR2(kinase;enzyme;receptor;known_drug_target;Alzheimer_evidence);INPP5D(enzyme;known_drug_target;Alzheimer_evidence);ZNF207(transcription_factor;Alzheimer_evidence);MTMR14(enzyme;Alzheimer_evidence);RIPK1(kinase;enzyme;receptor;known_drug_target;Alzheimer_evidence);ABCA1(transporter;enzyme;Alzheimer_evidence);PIP5K1A(kinase;enzyme;known_drug_target;Alzheimer_evidence);B4GALT1(enzyme;Alzheimer_evidence);CTSH(enzyme;known_drug_target;Alzheimer_evidence);MGAT1(enzyme;Alzheimer_evidence);IL6R(receptor;known_drug_target;Alzheimer_evidence);SDCCAG8(Alzheimer_evidence);PPP4R1(enzyme;Alzheimer_evidence);TFPI(enzyme;known_drug_target;Alzheimer_evidence);TP53INP1(Alzheimer_evidence);DDR2(kinase;enzyme;receptor;known_drug_target;Alzheimer_evidence);ANXA2(Alzheimer_evidence);ERG(transcription_factor;Alzheimer_evidence)
ME_M1987	0.056388672342567	0.4830157756103231	-0.004650815285135813	0.9539006246908069	0.0712472431288027	0.37523016867084136	0.0008548357033962214	0.9915222618073907	0.11137846317375666	0.16491155986409767	0.11137846317375666	1987	CT	190	36	therapeutic_targets	1987	1010.7027027027028	328	168	158	54	12	0	0	FERMT2(Alzheimer_evidence);PTPN12(enzyme;receptor;Alzheimer_evidence);GLIS3(transcription_factor;Alzheimer_evidence);NFKB2(transcription_factor;known_drug_target;Alzheimer_evidence);IGFBP3(enzyme;Alzheimer_evidence);PVR(known_drug_target;Alzheimer_evidence);PIM1(kinase;enzyme;known_drug_target;Alzheimer_evidence);STAT3(transcription_factor;known_drug_target;Alzheimer_evidence);TFPI(enzyme;known_drug_target;Alzheimer_evidence);SAMHD1(enzyme;known_drug_target;Alzheimer_evidence);SPRY4(Alzheimer_evidence);HBEGF(known_drug_target;Alzheimer_evidence);SPTSSA(known_drug_target;Alzheimer_evidence);TGM2(enzyme;known_drug_target;Alzheimer_evidence);ABL2(kinase;enzyme;receptor;known_drug_target;Alzheimer_evidence);ADAMTS4(enzyme;known_drug_target;Alzheimer_evidence);SERPINE1(enzyme;Alzheimer_evidence);CEBPB(transcription_factor;Alzheimer_evidence);CNR1(receptor;known_drug_target;Alzheimer_evidence);TLR2(receptor;known_drug_target;Alzheimer_evidence);EIF2AK3(kinase;enzyme;known_drug_target;Alzheimer_evidence);CASP4(enzyme;known_drug_target;Alzheimer_evidence);S100A9(Alzheimer_evidence);DUSP1(kinase;enzyme;Alzheimer_evidence);ICAM1(receptor;known_drug_target;Alzheimer_evidence)	FERMT2(Alzheimer_evidence);PTPN12(enzyme;receptor;Alzheimer_evidence);GLIS3(transcription_factor;Alzheimer_evidence);NFKB2(transcription_factor;known_drug_target;Alzheimer_evidence);IGFBP3(enzyme;Alzheimer_evidence);PVR(known_drug_target;Alzheimer_evidence);PIM1(kinase;enzyme;known_drug_target;Alzheimer_evidence);STAT3(transcription_factor;known_drug_target;Alzheimer_evidence);TFPI(enzyme;known_drug_target;Alzheimer_evidence);SAMHD1(enzyme;known_drug_target;Alzheimer_evidence);SPRY4(Alzheimer_evidence);HBEGF(known_drug_target;Alzheimer_evidence);SPTSSA(known_drug_target;Alzheimer_evidence);TGM2(enzyme;known_drug_target;Alzheimer_evidence);ABL2(kinase;enzyme;receptor;known_drug_target;Alzheimer_evidence);ADAMTS4(enzyme;known_drug_target;Alzheimer_evidence);SERPINE1(enzyme;Alzheimer_evidence);CEBPB(transcription_factor;Alzheimer_evidence);CNR1(receptor;known_drug_target;Alzheimer_evidence);TLR2(receptor;known_drug_target;Alzheimer_evidence)
ME_M1989	0.07528376922346988	0.3487094036304052	-0.03341633528639243	0.6777937484799185	0.10032829938109573	0.21121870035214566	0.04232911324347631	0.5986242447867927	-0.08919745828104354	0.2666003084904798	0.10032829938109573	1989	TS	181	37	therapeutic_targets	1989	809.4419889502763	260	148	132	37	11	0	0	CDK12(kinase;enzyme;known_drug_target;Alzheimer_evidence);TP53(Alzheimer_evidence);RIPK1(kinase;enzyme;receptor;known_drug_target;Alzheimer_evidence);USP6NL(Alzheimer_evidence);RELA(transcription_factor;known_drug_target;Alzheimer_evidence);ATOH8(transcription_factor;Alzheimer_evidence);SPEN(Alzheimer_evidence);CNOT12(Alzheimer_evidence);SLC22A23(transporter;known_drug_target;Alzheimer_evidence);WBP1L(Alzheimer_evidence);SYNE2(Alzheimer_evidence);VDR(nuclear_receptor;enzyme;receptor;known_drug_target;Alzheimer_evidence);KIF3B(Alzheimer_evidence);CTNNA1(Alzheimer_evidence);TKT(enzyme;Alzheimer_evidence);KLC1(Alzheimer_evidence);AHCY(enzyme;known_drug_target;Alzheimer_evidence);SNAP29(Alzheimer_evidence);PCNT(Alzheimer_evidence);TMEM132B(Alzheimer_evidence);NOB1(Alzheimer_evidence);GMEB1(Alzheimer_evidence);CHI3L1(known_drug_target;Alzheimer_evidence);SAA1(receptor;known_drug_target;Alzheimer_evidence);SLPI(enzyme;Alzheimer_evidence)	CDK12(kinase;enzyme;known_drug_target;Alzheimer_evidence);TP53(Alzheimer_evidence);RIPK1(kinase;enzyme;receptor;known_drug_target;Alzheimer_evidence);USP6NL(Alzheimer_evidence);RELA(transcription_factor;known_drug_target;Alzheimer_evidence);ATOH8(transcription_factor;Alzheimer_evidence);SPEN(Alzheimer_evidence);CNOT12(Alzheimer_evidence);SLC22A23(transporter;known_drug_target;Alzheimer_evidence);WBP1L(Alzheimer_evidence);SYNE2(Alzheimer_evidence);VDR(nuclear_receptor;enzyme;receptor;known_drug_target;Alzheimer_evidence);KIF3B(Alzheimer_evidence);CTNNA1(Alzheimer_evidence);TKT(enzyme;Alzheimer_evidence);KLC1(Alzheimer_evidence);AHCY(enzyme;known_drug_target;Alzheimer_evidence);SNAP29(Alzheimer_evidence);PCNT(Alzheimer_evidence);TMEM132B(Alzheimer_evidence)
ME_M2044	0.011583019599700532	0.8855163736090851	0.042668239591185673	0.5956953334385885	0.01949776691355412	0.8084879887376543	0.00043541288085933993	0.9956817815009077	0.06878895097469487	0.39197013526042684	0.06878895097469487	2044	CT	251	38	therapeutic_targets	2044	1245.9957081545065	400	205	197	65	17	1	1	CDKN1A(kinase;enzyme;Alzheimer_evidence);PTPN1(enzyme;receptor;known_drug_target;Alzheimer_evidence);PTGS2(enzyme;known_drug_target;Alzheimer_evidence);PDE4B(known_drug_target;Alzheimer_evidence);ELOVL7(Alzheimer_evidence);PECAM1(Alzheimer_evidence);GLIS3(transcription_factor;Alzheimer_evidence);JUN(transcription_factor;Alzheimer_evidence);B4GALT1(enzyme;Alzheimer_evidence);CDK2(kinase;enzyme;known_drug_target;Alzheimer_evidence);ADORA2B(receptor;known_drug_target;Alzheimer_evidence);STAT3(transcription_factor;known_drug_target;Alzheimer_evidence);TFPI(enzyme;known_drug_target;Alzheimer_evidence);ITGB3(known_drug_target;Alzheimer_evidence);STK3(kinase;enzyme;known_drug_target;Alzheimer_evidence);PPP1R3B(enzyme;Alzheimer_evidence);PLK3(kinase;enzyme;known_drug_target;Alzheimer_evidence);SEMA3F(Alzheimer_evidence);MAP3K8(kinase;enzyme;known_drug_target;Alzheimer_evidence);FAM20A(kinase;enzyme;Alzheimer_evidence);ZNF217(transcription_factor;Alzheimer_evidence);ANXA1(receptor;known_drug_target;Alzheimer_evidence);BCL6(transcription_factor;known_drug_target;Alzheimer_evidence);ADAMTS1(enzyme;known_drug_target;Alzheimer_evidence);CHD1(Alzheimer_evidence)	CDKN1A(kinase;enzyme;Alzheimer_evidence);PTPN1(enzyme;receptor;known_drug_target;Alzheimer_evidence);PTGS2(enzyme;known_drug_target;Alzheimer_evidence);PDE4B(known_drug_target;Alzheimer_evidence);ELOVL7(Alzheimer_evidence);PECAM1(Alzheimer_evidence);GLIS3(transcription_factor;Alzheimer_evidence);JUN(transcription_factor;Alzheimer_evidence);B4GALT1(enzyme;Alzheimer_evidence);CDK2(kinase;enzyme;known_drug_target;Alzheimer_evidence);ADORA2B(receptor;known_drug_target;Alzheimer_evidence);STAT3(transcription_factor;known_drug_target;Alzheimer_evidence);TFPI(enzyme;known_drug_target;Alzheimer_evidence);ITGB3(known_drug_target;Alzheimer_evidence);STK3(kinase;enzyme;known_drug_target;Alzheimer_evidence);PPP1R3B(enzyme;Alzheimer_evidence);PLK3(kinase;enzyme;known_drug_target;Alzheimer_evidence);SEMA3F(Alzheimer_evidence);MAP3K8(kinase;enzyme;known_drug_target;Alzheimer_evidence);FAM20A(kinase;enzyme;Alzheimer_evidence)
ME_M2046	-0.12098536117253383	0.13120214745420514	0.07957457259430559	0.32184632655729517	-0.12071449978368229	0.13207382291975672	-0.0019131549426990024	0.9810279154451952	-0.05435414047739009	0.4989688434401981	0.12098536117253383	2046	CT	374	39	therapeutic_targets	2046	1569.3150684931506	512	282	252	82	16	0	2	CD2AP(Alzheimer_evidence);KAT8(enzyme;transcription_factor;known_drug_target;Alzheimer_evidence);CTSB(enzyme;known_drug_target;Alzheimer_evidence);CLK2(kinase;enzyme;known_drug_target;Alzheimer_evidence);SEC13(Alzheimer_evidence);ABI3(Alzheimer_evidence);PPARG(receptor;known_drug_target;Alzheimer_evidence);PECAM1(Alzheimer_evidence);AKAP8L(kinase;enzyme;Alzheimer_evidence);HIF1A(Alzheimer_evidence);ABCG1(transporter;enzyme;known_drug_target;Alzheimer_evidence);ATP10D(enzyme;known_drug_target;Alzheimer_evidence);IRF2(transcription_factor;Alzheimer_evidence);UBA1(enzyme;Alzheimer_evidence);ZNF800(transcription_factor;Alzheimer_evidence);IKZF2(transcription_factor;Alzheimer_evidence);STK3(kinase;enzyme;known_drug_target;Alzheimer_evidence);DENND3(Alzheimer_evidence);ACSL1(enzyme;Alzheimer_evidence);SAMHD1(enzyme;known_drug_target;Alzheimer_evidence);ADORA3(receptor;known_drug_target;Alzheimer_evidence);PRKD3(kinase;enzyme;known_drug_target;Alzheimer_evidence);BCL6(transcription_factor;known_drug_target;Alzheimer_evidence);MFAP3(Alzheimer_evidence);NHP2(Alzheimer_evidence)	CD2AP(Alzheimer_evidence);KAT8(enzyme;transcription_factor;known_drug_target;Alzheimer_evidence);CTSB(enzyme;known_drug_target;Alzheimer_evidence);CLK2(kinase;enzyme;known_drug_target;Alzheimer_evidence);SEC13(Alzheimer_evidence);ABI3(Alzheimer_evidence);PPARG(receptor;known_drug_target;Alzheimer_evidence);PECAM1(Alzheimer_evidence);AKAP8L(kinase;enzyme;Alzheimer_evidence);HIF1A(Alzheimer_evidence);ABCG1(transporter;enzyme;known_drug_target;Alzheimer_evidence);ATP10D(enzyme;known_drug_target;Alzheimer_evidence);IRF2(transcription_factor;Alzheimer_evidence);UBA1(enzyme;Alzheimer_evidence);ZNF800(transcription_factor;Alzheimer_evidence);IKZF2(transcription_factor;Alzheimer_evidence);STK3(kinase;enzyme;known_drug_target;Alzheimer_evidence);DENND3(Alzheimer_evidence);ACSL1(enzyme;Alzheimer_evidence);SAMHD1(enzyme;known_drug_target;Alzheimer_evidence)
ME_M2048	0.09042750805452379	0.26003504669669836	-0.07515095626331689	0.34956278862462165	0.11373023109180294	0.15611659627357954	-0.043852402111456204	0.5855192804170809	-0.017402319368284798	0.8287349265314687	0.11373023109180294	2048	CT	277	40	therapeutic_targets	2048	1230.686746987952	396	216	198	59	16	2	3	FOXO3(transcription_factor;Alzheimer_evidence);ACACA(enzyme;known_drug_target;Alzheimer_evidence);ELMO2(Alzheimer_evidence);TFCP2L1(transcription_factor;Alzheimer_evidence);ZNF652(transcription_factor;Alzheimer_evidence);IGFBP3(enzyme;Alzheimer_evidence);CDYL(Alzheimer_evidence);ATOH8(transcription_factor;Alzheimer_evidence);IL6R(receptor;known_drug_target;Alzheimer_evidence);TCF7L2(transcription_factor;Alzheimer_evidence);TEAD1(transcription_factor;known_drug_target;Alzheimer_evidence);ADGRA3(GPCR;receptor;known_drug_target;Alzheimer_evidence);GMPR(enzyme;Alzheimer_evidence);DDR2(kinase;enzyme;receptor;known_drug_target;Alzheimer_evidence);SEC14L1(Alzheimer_evidence);EPS15L1(receptor;Alzheimer_evidence);SERPINB6(enzyme;Alzheimer_evidence);GTF2IRD1(Alzheimer_evidence);FOXO1(transcription_factor;Alzheimer_evidence);RAB31(Alzheimer_evidence);IKZF2(transcription_factor;Alzheimer_evidence);SLC39A11(transporter;known_drug_target;Alzheimer_evidence);SEC24C(Alzheimer_evidence);NUP188(Alzheimer_evidence);SOX9(transcription_factor;Alzheimer_evidence)	FOXO3(transcription_factor;Alzheimer_evidence);ACACA(enzyme;known_drug_target;Alzheimer_evidence);ELMO2(Alzheimer_evidence);TFCP2L1(transcription_factor;Alzheimer_evidence);ZNF652(transcription_factor;Alzheimer_evidence);IGFBP3(enzyme;Alzheimer_evidence);CDYL(Alzheimer_evidence);ATOH8(transcription_factor;Alzheimer_evidence);IL6R(receptor;known_drug_target;Alzheimer_evidence);TCF7L2(transcription_factor;Alzheimer_evidence);TEAD1(transcription_factor;known_drug_target;Alzheimer_evidence);ADGRA3(GPCR;receptor;known_drug_target;Alzheimer_evidence);GMPR(enzyme;Alzheimer_evidence);DDR2(kinase;enzyme;receptor;known_drug_target;Alzheimer_evidence);SEC14L1(Alzheimer_evidence);EPS15L1(receptor;Alzheimer_evidence);SERPINB6(enzyme;Alzheimer_evidence);GTF2IRD1(Alzheimer_evidence);FOXO1(transcription_factor;Alzheimer_evidence);RAB31(Alzheimer_evidence)
