gene_symbol	ensembl_id	ensembl_gene_id_base	tissue	source_module	phenotype	edge_frequency	run_type	hgnc_symbol	hgnc_name	protein_name	target_categories	therapeutic_target_score	open_targets_ad_score	open_targets_ad_datasources	is_kinase	is_gPCR	is_ion_channel	is_nuclear_receptor	is_transporter	is_enzyme	is_receptor	is_transcription_factor	is_known_drug_target	has_ad_evidence
SZRD1	ENSG00000055070.16	ENSG00000055070	PCGBA23	cross_cogn_global	cogn_global	0.544	cross_module	SZRD1	SUZ RNA binding domain containing 1		Alzheimer_evidence	1	0.0018478992734235	europepmc:0.015198269940290528	False	False	False	False	False	False	False	False	False	True
PPDPF	ENSG00000125534.9	ENSG00000125534	AC	cross_cogn_global	cogn_global	0.442	cross_module	PPDPF	pancreatic progenitor cell differentiation and proliferation factor		Alzheimer_evidence	1	0.0136938075331148	europepmc:0.09558023095782708;expression_atlas:0.06818454774255388	False	False	False	False	False	False	False	False	False	True
HMGN2	ENSG00000198830.10	ENSG00000198830	AC	cross_cogn_global	cogn_global	0.308	cross_module	HMGN2	high mobility group nucleosomal binding domain 2		Alzheimer_evidence	1	0.003695798546847	europepmc:0.030396539880581056	False	False	False	False	False	False	False	False	False	True
NOTCH2	ENSG00000134250.19	ENSG00000134250	PCGBA23	cross_cogn_global	cogn_global	0.171	cross_module	NOTCH2	notch receptor 2		receptor;known_drug_target;Alzheimer_evidence	3	0.057702727393584	europepmc:0.45124675519542184;expression_atlas:0.0933450795258092	False	False	False	False	False	False	True	False	True	True
HMGN2	ENSG00000198830.10	ENSG00000198830	MFBA9BA46	cross_cogn_global	cogn_global	0.17	cross_module	HMGN2	high mobility group nucleosomal binding domain 2		Alzheimer_evidence	1	0.003695798546847	europepmc:0.030396539880581056	False	False	False	False	False	False	False	False	False	True
ZPR1	ENSG00000109917.10	ENSG00000109917	PCGBA23	cross_cogn_global	cogn_global	0.152	cross_module	ZPR1	ZPR1 zinc finger		transcription_factor;Alzheimer_evidence	2	0.0040653784015317	europepmc:0.03343619386863916	False	False	False	False	False	False	False	True	False	True
QKI	ENSG00000112531.16	ENSG00000112531	PCGBA23	cross_cogn_global	cogn_global	0.142	cross_module	QKI	QKI, KH domain containing RNA binding		Alzheimer_evidence	1	0.2195012162057847	gwas_credible_sets:0.33436205463998914;europepmc:0.517989100868866;expression_atlas:0.03605956051037887	False	False	False	False	False	False	False	False	False	True
EFCAB14	ENSG00000159658.10	ENSG00000159658	PCGBA23	cross_cogn_global	cogn_global	0.117	cross_module	EFCAB14	EF-hand calcium binding domain 14		Alzheimer_evidence	1	0.0035633222886317	expression_atlas:0.029306972953426547	False	False	False	False	False	False	False	False	False	True
GJA1	ENSG00000152661.7	ENSG00000152661	PCGBA23	cross_cogn_global	cogn_global	0.068	cross_module	GJA1	gap junction protein alpha 1		known_drug_target;Alzheimer_evidence	2	0.1086773604390652	europepmc:0.8763745130923083;expression_atlas:0.06982206189463229	False	False	False	False	False	False	False	False	True	True
CTBP1	ENSG00000159692.15	ENSG00000159692	MFBA9BA46	cross_cogn_global	cogn_global	0.065	cross_module	CTBP1	C-terminal binding protein 1		Alzheimer_evidence	1	0.036287684314292	europepmc:0.29845242630292435	False	False	False	False	False	False	False	False	False	True
HMGN2	ENSG00000198830.10	ENSG00000198830	PCGBA23	cross_cogn_global	cogn_global	0.063	cross_module	HMGN2	high mobility group nucleosomal binding domain 2		Alzheimer_evidence	1	0.003695798546847	europepmc:0.030396539880581056	False	False	False	False	False	False	False	False	False	True
SLC2A4RG	ENSG00000125520.13	ENSG00000125520	AC	cross_cogn_global	cogn_global	0.061	cross_module	SLC2A4RG	SLC2A4 regulator		transporter;transcription_factor;Alzheimer_evidence	3	0.0197010716919042	europepmc:0.16203383484850495	False	False	False	False	True	False	False	True	False	True
TOMM40	ENSG00000130204.12	ENSG00000130204	PCGBA23	cross_cogn_global	cogn_global	0.057	cross_module	TOMM40	translocase of outer mitochondrial membrane 40		Alzheimer_evidence	1	0.3096105223526799	gwas_credible_sets:0.4684572416485545;europepmc:0.8165711586860972	False	False	False	False	False	False	False	False	False	True
PAK2	ENSG00000180370.10	ENSG00000180370	PCGBA23	cross_cogn_global	cogn_global	0.054	cross_module	PAK2	p21 (RAC1) activated kinase 2		kinase;enzyme;known_drug_target;Alzheimer_evidence	4	0.0403031337921292	europepmc:0.32597664166015106;expression_atlas:0.022005328281258483	True	False	False	False	False	True	False	False	True	True
MMEL1	ENSG00000142606.15	ENSG00000142606	AC	cross_cogn_global	cogn_global	0.042	cross_module	MMEL1	membrane metalloendopeptidase like 1		enzyme;Alzheimer_evidence	2	0.0255248982120642	europepmc:0.20993259687076196	False	False	False	False	False	True	False	False	False	True
VGF	ENSG00000128564.6	ENSG00000128564	PCGBA23	cross_cogn_global	cogn_global	0.04	cross_module	VGF	VGF nerve growth factor inducible		known_drug_target;Alzheimer_evidence	2	0.1001245012630463	europepmc:0.8234860090688415	False	False	False	False	False	False	False	False	True	True
NEBL	ENSG00000078114.18	ENSG00000078114	PCGBA23	cross_cogn_global	cogn_global	0.039	cross_module	NEBL	nebulette		Alzheimer_evidence	1	0.0240226905545056	europepmc:0.19757750922377684	False	False	False	False	False	False	False	False	False	True
PTS	ENSG00000150787.7	ENSG00000150787	MFBA9BA46	cross_cogn_global	cogn_global	0.03	cross_module	PTS	6-pyruvoyltetrahydropterin synthase		enzyme;Alzheimer_evidence	2	0.0151306974575791	europepmc:0.11493776077177711;expression_atlas:0.03802592485145133	False	False	False	False	False	True	False	False	False	True
CPNE3	ENSG00000085719.12	ENSG00000085719	PCGBA23	cross_cogn_global	cogn_global	0.03	cross_module	CPNE3	copine 3		Alzheimer_evidence	1	0.0041388186942027	expression_atlas:0.03100055840505386;europepmc:0.012158615952232422	False	False	False	False	False	False	False	False	False	True
TMBIM6	ENSG00000139644.12	ENSG00000139644	PCGBA23	cross_cogn_global	cogn_global	0.029	cross_module	TMBIM6	transmembrane BAX inhibitor motif containing 6		Alzheimer_evidence	1	0.0053457914151977	europepmc:0.04160610830987533;expression_atlas:0.00944398587003528	False	False	False	False	False	False	False	False	False	True
PTAR1	ENSG00000188647.12	ENSG00000188647	PCGBA23	cross_cogn_global	cogn_global	0.026	cross_module	PTAR1	protein prenyltransferase alpha subunit repeat containing 1			0	0.0		False	False	False	False	False	False	False	False	False	False
FERMT2	ENSG00000073712.14	ENSG00000073712	PCGBA23	cross_cogn_global	cogn_global	0.025	cross_module	FERMT2	FERM domain containing kindlin 2		Alzheimer_evidence	1	0.4616617934842458	gwas_credible_sets:0.7306196322487121;europepmc:0.5633911542580086;expression_atlas:0.027423220861334467	False	False	False	False	False	False	False	False	False	True
RHOBTB3	ENSG00000164292.12	ENSG00000164292	PCGBA23	cross_cogn_global	cogn_global	0.022	cross_module	RHOBTB3	Rho related BTB domain containing 3		Alzheimer_evidence	1	0.0145159417095672	europepmc:0.10241945243095782;expression_atlas:0.06787462771135325	False	False	False	False	False	False	False	False	False	True
SLC2A4RG	ENSG00000125520.13	ENSG00000125520	AC	cross_cogng_demog_slope	cogng_demog_slope	0.405	cross_module	SLC2A4RG	SLC2A4 regulator		transporter;transcription_factor;Alzheimer_evidence	3	0.0197010716919042	europepmc:0.16203383484850495	False	False	False	False	True	False	False	True	False	True
SZRD1	ENSG00000055070.16	ENSG00000055070	PCGBA23	cross_cogng_demog_slope	cogng_demog_slope	0.322	cross_module	SZRD1	SUZ RNA binding domain containing 1		Alzheimer_evidence	1	0.0018478992734235	europepmc:0.015198269940290528	False	False	False	False	False	False	False	False	False	True
TOMM40	ENSG00000130204.12	ENSG00000130204	PCGBA23	cross_cogng_demog_slope	cogng_demog_slope	0.182	cross_module	TOMM40	translocase of outer mitochondrial membrane 40		Alzheimer_evidence	1	0.3096105223526799	gwas_credible_sets:0.4684572416485545;europepmc:0.8165711586860972	False	False	False	False	False	False	False	False	False	True
HMGN2	ENSG00000198830.10	ENSG00000198830	AC	cross_cogng_demog_slope	cogng_demog_slope	0.181	cross_module	HMGN2	high mobility group nucleosomal binding domain 2		Alzheimer_evidence	1	0.003695798546847	europepmc:0.030396539880581056	False	False	False	False	False	False	False	False	False	True
LRRFIP2	ENSG00000093167.17	ENSG00000093167	AC	cross_cogng_demog_slope	cogng_demog_slope	0.181	cross_module	LRRFIP2	LRR binding FLII interacting protein 2		Alzheimer_evidence	1	0.0055436978202705	europepmc:0.045594809820871586	False	False	False	False	False	False	False	False	False	True
MMEL1	ENSG00000142606.15	ENSG00000142606	AC	cross_cogng_demog_slope	cogng_demog_slope	0.151	cross_module	MMEL1	membrane metalloendopeptidase like 1		enzyme;Alzheimer_evidence	2	0.0255248982120642	europepmc:0.20993259687076196	False	False	False	False	False	True	False	False	False	True
QKI	ENSG00000112531.16	ENSG00000112531	PCGBA23	cross_cogng_demog_slope	cogng_demog_slope	0.151	cross_module	QKI	QKI, KH domain containing RNA binding		Alzheimer_evidence	1	0.2195012162057847	gwas_credible_sets:0.33436205463998914;europepmc:0.517989100868866;expression_atlas:0.03605956051037887	False	False	False	False	False	False	False	False	False	True
PTS	ENSG00000150787.7	ENSG00000150787	MFBA9BA46	cross_cogng_demog_slope	cogng_demog_slope	0.139	cross_module	PTS	6-pyruvoyltetrahydropterin synthase		enzyme;Alzheimer_evidence	2	0.0151306974575791	europepmc:0.11493776077177711;expression_atlas:0.03802592485145133	False	False	False	False	False	True	False	False	False	True
PAK2	ENSG00000180370.10	ENSG00000180370	PCGBA23	cross_cogng_demog_slope	cogng_demog_slope	0.139	cross_module	PAK2	p21 (RAC1) activated kinase 2		kinase;enzyme;known_drug_target;Alzheimer_evidence	4	0.0403031337921292	europepmc:0.32597664166015106;expression_atlas:0.022005328281258483	True	False	False	False	False	True	False	False	True	True
ALDH5A1	ENSG00000112294.12	ENSG00000112294	PCGBA23	cross_cogng_demog_slope	cogng_demog_slope	0.128	cross_module	ALDH5A1	aldehyde dehydrogenase 5 family member A1		enzyme;known_drug_target;Alzheimer_evidence	3	0.2822072578898084	clinical_precedence:0.4593254915287803;europepmc:0.07898878627300993;expression_atlas:0.04205607812432506	False	False	False	False	False	True	False	False	True	True
PPDPF	ENSG00000125534.9	ENSG00000125534	AC	cross_cogng_demog_slope	cogng_demog_slope	0.127	cross_module	PPDPF	pancreatic progenitor cell differentiation and proliferation factor		Alzheimer_evidence	1	0.0136938075331148	europepmc:0.09558023095782708;expression_atlas:0.06818454774255388	False	False	False	False	False	False	False	False	False	True
HMGN2	ENSG00000198830.10	ENSG00000198830	MFBA9BA46	cross_cogng_demog_slope	cogng_demog_slope	0.116	cross_module	HMGN2	high mobility group nucleosomal binding domain 2		Alzheimer_evidence	1	0.003695798546847	europepmc:0.030396539880581056	False	False	False	False	False	False	False	False	False	True
EFCAB14	ENSG00000159658.10	ENSG00000159658	PCGBA23	cross_cogng_demog_slope	cogng_demog_slope	0.102	cross_module	EFCAB14	EF-hand calcium binding domain 14		Alzheimer_evidence	1	0.0035633222886317	expression_atlas:0.029306972953426547	False	False	False	False	False	False	False	False	False	True
MTHFD1	ENSG00000100714.15	ENSG00000100714	PCGBA23	cross_cogng_demog_slope	cogng_demog_slope	0.093	cross_module	MTHFD1	methylenetetrahydrofolate dehydrogenase, cyclohydrolase and formyltetrahydrofolate synthetase 1		enzyme;Alzheimer_evidence	2	0.0279444317249305	europepmc:0.2153061877195343;expression_atlas:0.05810461472452225	False	False	False	False	False	True	False	False	False	True
ATAD2B	ENSG00000119778.14	ENSG00000119778	AC	cross_cogng_demog_slope	cogng_demog_slope	0.085	cross_module	ATAD2B	ATPase family AAA domain containing 2B		known_drug_target	1	0.0		False	False	False	False	False	False	False	False	True	False
VGF	ENSG00000128564.6	ENSG00000128564	PCGBA23	cross_cogng_demog_slope	cogng_demog_slope	0.056	cross_module	VGF	VGF nerve growth factor inducible		known_drug_target;Alzheimer_evidence	2	0.1001245012630463	europepmc:0.8234860090688415	False	False	False	False	False	False	False	False	True	True
SORCS2	ENSG00000184985.16	ENSG00000184985	PCGBA23	cross_cogng_demog_slope	cogng_demog_slope	0.053	cross_module	SORCS2	sortilin related VPS10 domain containing receptor 2		receptor;Alzheimer_evidence	2	0.0574482014044113	europepmc:0.4724896454506684	False	False	False	False	False	False	True	False	False	True
HMGN2	ENSG00000198830.10	ENSG00000198830	PCGBA23	cross_cogng_demog_slope	cogng_demog_slope	0.037	cross_module	HMGN2	high mobility group nucleosomal binding domain 2		Alzheimer_evidence	1	0.003695798546847	europepmc:0.030396539880581056	False	False	False	False	False	False	False	False	False	True
GPATCH4	ENSG00000160818.16	ENSG00000160818	AC	cross_cogng_demog_slope	cogng_demog_slope	0.035	cross_module	GPATCH4	G-patch domain containing 4 (gene/pseudogene)			0	0.0		False	False	False	False	False	False	False	False	False	False
SPTSSB	ENSG00000196542.8	ENSG00000196542	PCGBA23	cross_cogng_demog_slope	cogng_demog_slope	0.034	cross_module	SPTSSB	serine palmitoyltransferase small subunit B		known_drug_target	1	0.0		False	False	False	False	False	False	False	False	True	False
ABCG4	ENSG00000172350.9	ENSG00000172350	PCGBA23	cross_cogng_demog_slope	cogng_demog_slope	0.032	cross_module	ABCG4	ATP binding cassette subfamily G member 4		transporter;known_drug_target;Alzheimer_evidence	3	0.0463371601928217	europepmc:0.3811055499644585	False	False	False	False	True	False	False	False	True	True
TLN1	ENSG00000137076.20	ENSG00000137076	PCGBA23	cross_cogng_demog_slope	cogng_demog_slope	0.026	cross_module	TLN1	talin 1		Alzheimer_evidence	1	0.0889783220783164	europepmc:0.7318129170942298	False	False	False	False	False	False	False	False	False	True
SLC39A3	ENSG00000141873.10	ENSG00000141873	PCGBA23	cross_cogng_demog_slope	cogng_demog_slope	0.021	cross_module	SLC39A3	solute carrier family 39 member 3		transporter;known_drug_target;Alzheimer_evidence	3	0.012740207625037	europepmc:0.09233125804074063;expression_atlas:0.04980845063111579	False	False	False	False	True	False	False	False	True	True
KLC2	ENSG00000174996.11	ENSG00000174996	PCGBA23	cross_cogng_demog_slope	cogng_demog_slope	0.02	cross_module	KLC2	kinesin light chain 2		Alzheimer_evidence	1	0.0134974669373682	europepmc:0.11101154103720207	False	False	False	False	False	False	False	False	False	True
ALDH5A1	ENSG00000112294.12	ENSG00000112294	MFBA9BA46	cross_cogng_demog_slope	cogng_demog_slope	0.02	cross_module	ALDH5A1	aldehyde dehydrogenase 5 family member A1		enzyme;known_drug_target;Alzheimer_evidence	3	0.2822072578898084	clinical_precedence:0.4593254915287803;europepmc:0.07898878627300993;expression_atlas:0.04205607812432506	False	False	False	False	False	True	False	False	True	True
BCAR1	ENSG00000050820.16	ENSG00000050820	AC	cross_motor10_demog_slope	motor10_demog_slope	0.684	cross_module	BCAR1	BCAR1 scaffold protein, Cas family member		Alzheimer_evidence	1	0.0593946683766846	europepmc:0.48849859729124223	False	False	False	False	False	False	False	False	False	True
RNF13	ENSG00000082996.19	ENSG00000082996	AC	cross_motor10_demog_slope	motor10_demog_slope	0.335	cross_module	RNF13	ring finger protein 13			0	0.0		False	False	False	False	False	False	False	False	False	False
SUN2	ENSG00000100242.15	ENSG00000100242	AC	cross_motor10_demog_slope	motor10_demog_slope	0.235	cross_module	SUN2	Sad1 and UNC84 domain containing 2		Alzheimer_evidence	1	0.0191976202294553	europepmc:0.15789313771301827	False	False	False	False	False	False	False	False	False	True
NEBL	ENSG00000078114.18	ENSG00000078114	PCGBA23	cross_motor10_demog_slope	motor10_demog_slope	0.209	cross_module	NEBL	nebulette		Alzheimer_evidence	1	0.0240226905545056	europepmc:0.19757750922377684	False	False	False	False	False	False	False	False	False	True
DTX4	ENSG00000110042.7	ENSG00000110042	PCGBA23	cross_motor10_demog_slope	motor10_demog_slope	0.145	cross_module	DTX4	deltex E3 ubiquitin ligase 4		enzyme	1	0.0		False	False	False	False	False	True	False	False	False	False
PRRG1	ENSG00000130962.17	ENSG00000130962	AC	cross_motor10_demog_slope	motor10_demog_slope	0.109	cross_module	PRRG1	proline rich and Gla domain 1			0	0.0		False	False	False	False	False	False	False	False	False	False
EFCAB14	ENSG00000159658.10	ENSG00000159658	PCGBA23	cross_motor10_demog_slope	motor10_demog_slope	0.079	cross_module	EFCAB14	EF-hand calcium binding domain 14		Alzheimer_evidence	1	0.0035633222886317	expression_atlas:0.029306972953426547	False	False	False	False	False	False	False	False	False	True
ZNF74	ENSG00000185252.18	ENSG00000185252	AC	cross_motor10_demog_slope	motor10_demog_slope	0.078	cross_module	ZNF74	zinc finger protein 74		transcription_factor;Alzheimer_evidence	2	0.003695798546847	europepmc:0.030396539880581056	False	False	False	False	False	False	False	True	False	True
FCHSD2	ENSG00000137478.14	ENSG00000137478	AC	cross_motor10_demog_slope	motor10_demog_slope	0.061	cross_module	FCHSD2	FCH and double SH3 domains 2		Alzheimer_evidence	1	0.0050303924665417	europepmc:0.04137306817079087	False	False	False	False	False	False	False	False	False	True
LAMP2	ENSG00000005893.15	ENSG00000005893	AC	cross_motor10_demog_slope	motor10_demog_slope	0.056	cross_module	LAMP2	lysosome associated membrane protein 2		Alzheimer_evidence	1	0.0573316749498141	europepmc:0.4543051819698267;expression_atlas:0.06890431053141892	False	False	False	False	False	False	False	False	False	True
NOTCH2	ENSG00000134250.19	ENSG00000134250	PCGBA23	cross_motor10_demog_slope	motor10_demog_slope	0.053	cross_module	NOTCH2	notch receptor 2		receptor;known_drug_target;Alzheimer_evidence	3	0.057702727393584	europepmc:0.45124675519542184;expression_atlas:0.0933450795258092	False	False	False	False	False	False	True	False	True	True
DLG3	ENSG00000082458.11	ENSG00000082458	PCGBA23	cross_motor10_demog_slope	motor10_demog_slope	0.041	cross_module	DLG3	discs large MAGUK scaffold protein 3		enzyme;Alzheimer_evidence	2	0.019050499732207	europepmc:0.15668312747972934	False	False	False	False	False	True	False	False	False	True
TLN1	ENSG00000137076.20	ENSG00000137076	PCGBA23	cross_motor10_demog_slope	motor10_demog_slope	0.04	cross_module	TLN1	talin 1		Alzheimer_evidence	1	0.0889783220783164	europepmc:0.7318129170942298	False	False	False	False	False	False	False	False	False	True
TMBIM6	ENSG00000139644.12	ENSG00000139644	PCGBA23	cross_motor10_demog_slope	motor10_demog_slope	0.039	cross_module	TMBIM6	transmembrane BAX inhibitor motif containing 6		Alzheimer_evidence	1	0.0053457914151977	europepmc:0.04160610830987533;expression_atlas:0.00944398587003528	False	False	False	False	False	False	False	False	False	True
NCKAP1L	ENSG00000123338.12	ENSG00000123338	PCGBA23	cross_motor10_demog_slope	motor10_demog_slope	0.037	cross_module	NCKAP1L	NCK associated protein 1 like		Alzheimer_evidence	1	0.0083155467304057	europepmc:0.06839221473130737	False	False	False	False	False	False	False	False	False	True
SZRD1	ENSG00000055070.16	ENSG00000055070	PCGBA23	cross_motor10_demog_slope	motor10_demog_slope	0.036	cross_module	SZRD1	SUZ RNA binding domain containing 1		Alzheimer_evidence	1	0.0018478992734235	europepmc:0.015198269940290528	False	False	False	False	False	False	False	False	False	True
TMEM183A	ENSG00000163444.11	ENSG00000163444	AC	cross_motor10_demog_slope	motor10_demog_slope	0.033	cross_module	TMEM183A	transmembrane protein 183A		Alzheimer_evidence	1	0.0030167179994726	expression_atlas:0.02481136020188833	False	False	False	False	False	False	False	False	False	True
UBE2Q1	ENSG00000160714.9	ENSG00000160714	AC	cross_motor10_demog_slope	motor10_demog_slope	0.031	cross_module	UBE2Q1	ubiquitin conjugating enzyme E2 Q1		enzyme	1	0.0		False	False	False	False	False	True	False	False	False	False
PTAR1	ENSG00000188647.12	ENSG00000188647	PCGBA23	cross_motor10_demog_slope	motor10_demog_slope	0.03	cross_module	PTAR1	protein prenyltransferase alpha subunit repeat containing 1			0	0.0		False	False	False	False	False	False	False	False	False	False
CPNE3	ENSG00000085719.12	ENSG00000085719	PCGBA23	cross_motor10_demog_slope	motor10_demog_slope	0.029	cross_module	CPNE3	copine 3		Alzheimer_evidence	1	0.0041388186942027	expression_atlas:0.03100055840505386;europepmc:0.012158615952232422	False	False	False	False	False	False	False	False	False	True
KCNIP4	ENSG00000185774.14	ENSG00000185774	PCGBA23	cross_motor10_demog_slope	motor10_demog_slope	0.029	cross_module	KCNIP4	potassium voltage-gated channel interacting protein 4		ion_channel;Alzheimer_evidence	2	0.0352545405298663	europepmc:0.2693970202615208;expression_atlas:0.0822327626542485	False	False	True	False	False	False	False	False	False	True
GJA1	ENSG00000152661.7	ENSG00000152661	PCGBA23	cross_motor10_demog_slope	motor10_demog_slope	0.028	cross_module	GJA1	gap junction protein alpha 1		known_drug_target;Alzheimer_evidence	2	0.1086773604390652	europepmc:0.8763745130923083;expression_atlas:0.06982206189463229	False	False	False	False	False	False	False	False	True	True
PPARA	ENSG00000186951.16	ENSG00000186951	PCGBA23	cross_motor10_demog_slope	motor10_demog_slope	0.027	cross_module	PPARA	peroxisome proliferator activated receptor alpha		receptor;known_drug_target;Alzheimer_evidence	3	0.0922414507549927	europepmc:0.7187383997474175;clinical_precedence:0.030396539880581056;expression_atlas:0.017251532679053088	False	False	False	False	False	False	True	False	True	True
TMT1A	ENSG00000185432.11	ENSG00000185432	PCGBA23	cross_motor10_demog_slope	motor10_demog_slope	0.026	cross_module	TMT1A	thiol methyltransferase 1A		enzyme;Alzheimer_evidence	2	0.0240754932164382	europepmc:0.18844493429673084;expression_atlas:0.03826742709637061	False	False	False	False	False	True	False	False	False	True
TYROBP	ENSG00000011600.11	ENSG00000011600	PCGBA23	cross_motor10_demog_slope	motor10_demog_slope	0.024	cross_module	TYROBP	transmembrane immune signaling adaptor TYROBP		Alzheimer_evidence	1	0.1032929489481936	europepmc:0.8495452883288761	False	False	False	False	False	False	False	False	False	True
QKI	ENSG00000112531.16	ENSG00000112531	PCGBA23	cross_motor10_demog_slope	motor10_demog_slope	0.024	cross_module	QKI	QKI, KH domain containing RNA binding		Alzheimer_evidence	1	0.2195012162057847	gwas_credible_sets:0.33436205463998914;europepmc:0.517989100868866;expression_atlas:0.03605956051037887	False	False	False	False	False	False	False	False	False	True
PRICKLE1	ENSG00000139174.11	ENSG00000139174	PCGBA23	cross_motor10_demog_slope	motor10_demog_slope	0.022	cross_module	PRICKLE1	prickle planar cell polarity protein 1		Alzheimer_evidence	1	0.3031936908691476	gwas_credible_sets:0.4981226682447552;europepmc:0.012158615952232422	False	False	False	False	False	False	False	False	False	True
C3AR1	ENSG00000171860.4	ENSG00000171860	PCGBA23	cross_motor10_demog_slope	motor10_demog_slope	0.02	cross_module	C3AR1	complement C3a receptor 1		receptor;known_drug_target;Alzheimer_evidence	3	0.0270653187976457	europepmc:0.22260197134260476	False	False	False	False	False	False	True	False	True	True
REPS2	ENSG00000169891.17	ENSG00000169891	PCGBA23	cross_motor10_demog_slope	motor10_demog_slope	0.02	cross_module	REPS2	RALBP1 associated Eps domain containing 2		Alzheimer_evidence	1	0.0105546445957671	expression_atlas:0.0752825898609541;europepmc:0.04610141881888126	False	False	False	False	False	False	False	False	False	True
MRPS6	ENSG00000243927.5	ENSG00000243927	PCGBA23	cross_pseudotime	pseudotime	0.431	cross_module	MRPS6	mitochondrial ribosomal protein S6		Alzheimer_evidence	1	0.018478992734235	europepmc:0.15198269940290526	False	False	False	False	False	False	False	False	False	True
BMI1	ENSG00000168283.13	ENSG00000168283	PCGBA23	cross_pseudotime	pseudotime	0.426	cross_module	BMI1	BMI1 proto-oncogene, polycomb ring finger		Alzheimer_evidence	1	0.0724992682411355	europepmc:0.596278955811776	False	False	False	False	False	False	False	False	False	True
TMEM255A	ENSG00000125355.15	ENSG00000125355	PCGBA23	cross_pseudotime	pseudotime	0.385	cross_module	TMEM255A	transmembrane protein 255A		Alzheimer_evidence	1	0.0039652208033315	europepmc:0.030396539880581056;expression_atlas:0.008863583076989609	False	False	False	False	False	False	False	False	False	True
DKK3	ENSG00000050165.17	ENSG00000050165	PCGBA23	cross_pseudotime	pseudotime	0.347	cross_module	DKK3	dickkopf Wnt signaling pathway inhibitor 3		Alzheimer_evidence	1	0.1043264051489079	europepmc:0.8580450732120771	False	False	False	False	False	False	False	False	False	True
SZRD1	ENSG00000055070.16	ENSG00000055070	PCGBA23	cross_pseudotime	pseudotime	0.145	cross_module	SZRD1	SUZ RNA binding domain containing 1		Alzheimer_evidence	1	0.0018478992734235	europepmc:0.015198269940290528	False	False	False	False	False	False	False	False	False	True
TLN1	ENSG00000137076.20	ENSG00000137076	PCGBA23	cross_pseudotime	pseudotime	0.139	cross_module	TLN1	talin 1		Alzheimer_evidence	1	0.0889783220783164	europepmc:0.7318129170942298	False	False	False	False	False	False	False	False	False	True
SLC38A2	ENSG00000134294.13	ENSG00000134294	PCGBA23	cross_pseudotime	pseudotime	0.11	cross_module	SLC38A2	solute carrier family 38 member 2		transporter;known_drug_target;Alzheimer_evidence	3	0.0223931034410613	europepmc:0.17693720172751137;expression_atlas:0.028950288744827444	False	False	False	False	True	False	False	False	True	True
PAK2	ENSG00000180370.10	ENSG00000180370	PCGBA23	cross_pseudotime	pseudotime	0.107	cross_module	PAK2	p21 (RAC1) activated kinase 2		kinase;enzyme;known_drug_target;Alzheimer_evidence	4	0.0403031337921292	europepmc:0.32597664166015106;expression_atlas:0.022005328281258483	True	False	False	False	False	True	False	False	True	True
SLC5A3	ENSG00000198743.6	ENSG00000198743	PCGBA23	cross_pseudotime	pseudotime	0.075	cross_module	SLC5A3	solute carrier family 5 member 3		transporter;known_drug_target;Alzheimer_evidence	3	0.0158332754248291	europepmc:0.11990495860767064;expression_atlas:0.04127088165191573	False	False	False	False	True	False	False	False	True	True
ADAM22	ENSG00000008277.14	ENSG00000008277	PCGBA23	cross_pseudotime	pseudotime	0.065	cross_module	ADAM22	ADAM metallopeptidase domain 22		enzyme;known_drug_target;Alzheimer_evidence	3	0.0071311220511056	expression_atlas:0.04921517884133217;europepmc:0.037742370351721476	False	False	False	False	False	True	False	False	True	True
SVOP	ENSG00000166111.9	ENSG00000166111	PCGBA23	cross_pseudotime	pseudotime	0.059	cross_module	SVOP	SV2 related protein		transporter;Alzheimer_evidence	2	0.0275227260703434	europepmc:0.1821259347844815;gwas_credible_sets:0.030455964287559135;expression_atlas:0.05551274119362886	False	False	False	False	True	False	False	False	False	True
NOTCH2	ENSG00000134250.19	ENSG00000134250	PCGBA23	cross_pseudotime	pseudotime	0.059	cross_module	NOTCH2	notch receptor 2		receptor;known_drug_target;Alzheimer_evidence	3	0.057702727393584	europepmc:0.45124675519542184;expression_atlas:0.0933450795258092	False	False	False	False	False	False	True	False	True	True
ATP9A	ENSG00000054793.13	ENSG00000054793	PCGBA23	cross_pseudotime	pseudotime	0.058	cross_module	ATP9A	ATPase phospholipid transporting 9A		enzyme;known_drug_target	2	0.0		False	False	False	False	False	True	False	False	True	False
NEBL	ENSG00000078114.18	ENSG00000078114	PCGBA23	cross_pseudotime	pseudotime	0.049	cross_module	NEBL	nebulette		Alzheimer_evidence	1	0.0240226905545056	europepmc:0.19757750922377684	False	False	False	False	False	False	False	False	False	True
EFCAB14	ENSG00000159658.10	ENSG00000159658	PCGBA23	cross_pseudotime	pseudotime	0.039	cross_module	EFCAB14	EF-hand calcium binding domain 14		Alzheimer_evidence	1	0.0035633222886317	expression_atlas:0.029306972953426547	False	False	False	False	False	False	False	False	False	True
ABCG4	ENSG00000172350.9	ENSG00000172350	PCGBA23	cross_pseudotime	pseudotime	0.033	cross_module	ABCG4	ATP binding cassette subfamily G member 4		transporter;known_drug_target;Alzheimer_evidence	3	0.0463371601928217	europepmc:0.3811055499644585	False	False	False	False	True	False	False	False	True	True
EXTL2	ENSG00000162694.13	ENSG00000162694	PCGBA23	cross_pseudotime	pseudotime	0.027	cross_module	EXTL2	exostosin like glycosyltransferase 2		enzyme;Alzheimer_evidence	2	0.0015331180793489	expression_atlas:0.012609314130589184	False	False	False	False	False	True	False	False	False	True
QKI	ENSG00000112531.16	ENSG00000112531	PCGBA23	cross_pseudotime	pseudotime	0.027	cross_module	QKI	QKI, KH domain containing RNA binding		Alzheimer_evidence	1	0.2195012162057847	gwas_credible_sets:0.33436205463998914;europepmc:0.517989100868866;expression_atlas:0.03605956051037887	False	False	False	False	False	False	False	False	False	True
LHFPL3	ENSG00000187416.11	ENSG00000187416	PCGBA23	cross_pseudotime	pseudotime	0.026	cross_module	LHFPL3	LHFPL tetraspan subfamily member 3			0	0.0		False	False	False	False	False	False	False	False	False	False
DMXL2	ENSG00000104093.13	ENSG00000104093	PCGBA23	cross_pseudotime	pseudotime	0.024	cross_module	DMXL2	Dmx like 2		Alzheimer_evidence	1	0.0189951367179521	europepmc:0.1466430405638832;expression_atlas:0.038338988572105506	False	False	False	False	False	False	False	False	False	True
FERMT2	ENSG00000073712.14	ENSG00000073712	PCGBA23	cross_pseudotime	pseudotime	0.02	cross_module	FERMT2	FERM domain containing kindlin 2		Alzheimer_evidence	1	0.4616617934842458	gwas_credible_sets:0.7306196322487121;europepmc:0.5633911542580086;expression_atlas:0.027423220861334467	False	False	False	False	False	False	False	False	False	True
PAK2	ENSG00000180370.10	ENSG00000180370	PCGBA23	cross_sqrt_parksc_demog_slope	sqrt_parksc_demog_slope	0.196	cross_module	PAK2	p21 (RAC1) activated kinase 2		kinase;enzyme;known_drug_target;Alzheimer_evidence	4	0.0403031337921292	europepmc:0.32597664166015106;expression_atlas:0.022005328281258483	True	False	False	False	False	True	False	False	True	True
CFB	ENSG00000243649.8	ENSG00000243649	MFBA9BA46	cross_sqrt_parksc_demog_slope	sqrt_parksc_demog_slope	0.176	cross_module	CFB	complement factor B		enzyme;known_drug_target;Alzheimer_evidence	3	0.0153874160724672	europepmc:0.12655565512489111	False	False	False	False	False	True	False	False	True	True
CYTH2	ENSG00000105443.14	ENSG00000105443	AC	cross_sqrt_parksc_demog_slope	sqrt_parksc_demog_slope	0.136	cross_module	CYTH2	cytohesin 2		Alzheimer_evidence	1	0.0014191668111697	expression_atlas:0.011672108213181692	False	False	False	False	False	False	False	False	False	True
PDLIM1	ENSG00000107438.8	ENSG00000107438	PCGBA23	cross_sqrt_parksc_demog_slope	sqrt_parksc_demog_slope	0.123	cross_module	PDLIM1	PDZ and LIM domain 1		Alzheimer_evidence	1	0.0084798044435989	europepmc:0.0697431720593332	False	False	False	False	False	False	False	False	False	True
ERBIN	ENSG00000112851.14	ENSG00000112851	MFBA9BA46	cross_sqrt_parksc_demog_slope	sqrt_parksc_demog_slope	0.098	cross_module	ERBIN	erbb2 interacting protein		Alzheimer_evidence	1	0.0200062317993504	expression_atlas:0.14489145349235671;europepmc:0.07860882952450267	False	False	False	False	False	False	False	False	False	True
ALDH5A1	ENSG00000112294.12	ENSG00000112294	PCGBA23	cross_sqrt_parksc_demog_slope	sqrt_parksc_demog_slope	0.093	cross_module	ALDH5A1	aldehyde dehydrogenase 5 family member A1		enzyme;known_drug_target;Alzheimer_evidence	3	0.2822072578898084	clinical_precedence:0.4593254915287803;europepmc:0.07898878627300993;expression_atlas:0.04205607812432506	False	False	False	False	False	True	False	False	True	True
CFB	ENSG00000243649.8	ENSG00000243649	PCGBA23	cross_sqrt_parksc_demog_slope	sqrt_parksc_demog_slope	0.091	cross_module	CFB	complement factor B		enzyme;known_drug_target;Alzheimer_evidence	3	0.0153874160724672	europepmc:0.12655565512489111	False	False	False	False	False	True	False	False	True	True
ALDH5A1	ENSG00000112294.12	ENSG00000112294	MFBA9BA46	cross_sqrt_parksc_demog_slope	sqrt_parksc_demog_slope	0.08	cross_module	ALDH5A1	aldehyde dehydrogenase 5 family member A1		enzyme;known_drug_target;Alzheimer_evidence	3	0.2822072578898084	clinical_precedence:0.4593254915287803;europepmc:0.07898878627300993;expression_atlas:0.04205607812432506	False	False	False	False	False	True	False	False	True	True
QKI	ENSG00000112531.16	ENSG00000112531	PCGBA23	cross_sqrt_parksc_demog_slope	sqrt_parksc_demog_slope	0.077	cross_module	QKI	QKI, KH domain containing RNA binding		Alzheimer_evidence	1	0.2195012162057847	gwas_credible_sets:0.33436205463998914;europepmc:0.517989100868866;expression_atlas:0.03605956051037887	False	False	False	False	False	False	False	False	False	True
PDLIM1	ENSG00000107438.8	ENSG00000107438	MFBA9BA46	cross_sqrt_parksc_demog_slope	sqrt_parksc_demog_slope	0.074	cross_module	PDLIM1	PDZ and LIM domain 1		Alzheimer_evidence	1	0.0084798044435989	europepmc:0.0697431720593332	False	False	False	False	False	False	False	False	False	True
TRUB2	ENSG00000167112.9	ENSG00000167112	AC	cross_sqrt_parksc_demog_slope	sqrt_parksc_demog_slope	0.064	cross_module	TRUB2	TruB pseudouridine synthase family member 2		enzyme;Alzheimer_evidence	2	0.0044349582562164	europepmc:0.03647584785669726	False	False	False	False	False	True	False	False	False	True
EIF3B	ENSG00000106263.17	ENSG00000106263	AC	cross_sqrt_parksc_demog_slope	sqrt_parksc_demog_slope	0.055	cross_module	EIF3B	eukaryotic translation initiation factor 3 subunit B		Alzheimer_evidence	1	0.003695798546847	europepmc:0.030396539880581056	False	False	False	False	False	False	False	False	False	True
SDS	ENSG00000135094.10	ENSG00000135094	MFBA9BA46	cross_sqrt_parksc_demog_slope	sqrt_parksc_demog_slope	0.055	cross_module	SDS	serine dehydratase		enzyme;Alzheimer_evidence	2	0.0414859609913417	gwas_credible_sets:0.057751459272560264;europepmc:0.20979592800999025	False	False	False	False	False	True	False	False	False	True
IGF1R	ENSG00000140443.13	ENSG00000140443	AC	cross_sqrt_parksc_demog_slope	sqrt_parksc_demog_slope	0.053	cross_module	IGF1R	insulin like growth factor 1 receptor		receptor;known_drug_target;Alzheimer_evidence	3	0.0944320736986022	europepmc:0.7629948528133714;expression_atlas:0.05469240302529981	False	False	False	False	False	False	True	False	True	True
MAF1	ENSG00000179632.9	ENSG00000179632	MFBA9BA46	cross_sqrt_parksc_demog_slope	sqrt_parksc_demog_slope	0.053	cross_module	MAF1	MAF1 negative regulator of RNA polymerase III		Alzheimer_evidence	1	0.1039412776250278	gwas_credible_sets:0.14009346893921976;europepmc:0.6176408034068066	False	False	False	False	False	False	False	False	False	True
MTHFD1	ENSG00000100714.15	ENSG00000100714	PCGBA23	cross_sqrt_parksc_demog_slope	sqrt_parksc_demog_slope	0.046	cross_module	MTHFD1	methylenetetrahydrofolate dehydrogenase, cyclohydrolase and formyltetrahydrofolate synthetase 1		enzyme;Alzheimer_evidence	2	0.0279444317249305	europepmc:0.2153061877195343;expression_atlas:0.05810461472452225	False	False	False	False	False	True	False	False	False	True
NIPSNAP2	ENSG00000146729.9	ENSG00000146729	PCGBA23	cross_sqrt_parksc_demog_slope	sqrt_parksc_demog_slope	0.044	cross_module	NIPSNAP2	nipsnap homolog 2		Alzheimer_evidence	1	0.007391597093694	europepmc:0.06079307976116211	False	False	False	False	False	False	False	False	False	True
NPC2	ENSG00000119655.10	ENSG00000119655	MFBA9BA46	cross_sqrt_parksc_demog_slope	sqrt_parksc_demog_slope	0.044	cross_module	NPC2	NPC intracellular cholesterol transporter 2		transporter;Alzheimer_evidence	2	0.0084250726246501	europepmc:0.06929302362826306	False	False	False	False	True	False	False	False	False	True
SORCS2	ENSG00000184985.16	ENSG00000184985	PCGBA23	cross_sqrt_parksc_demog_slope	sqrt_parksc_demog_slope	0.043	cross_module	SORCS2	sortilin related VPS10 domain containing receptor 2		receptor;Alzheimer_evidence	2	0.0574482014044113	europepmc:0.4724896454506684	False	False	False	False	False	False	True	False	False	True
SZRD1	ENSG00000055070.16	ENSG00000055070	PCGBA23	cross_sqrt_parksc_demog_slope	sqrt_parksc_demog_slope	0.041	cross_module	SZRD1	SUZ RNA binding domain containing 1		Alzheimer_evidence	1	0.0018478992734235	europepmc:0.015198269940290528	False	False	False	False	False	False	False	False	False	True
ARID5A	ENSG00000196843.15	ENSG00000196843	AC	cross_sqrt_parksc_demog_slope	sqrt_parksc_demog_slope	0.04	cross_module	ARID5A	AT-rich interaction domain 5A		Alzheimer_evidence	1	0.004250168328874	europepmc:0.03495602086266821	False	False	False	False	False	False	False	False	False	True
EFCAB14	ENSG00000159658.10	ENSG00000159658	PCGBA23	cross_sqrt_parksc_demog_slope	sqrt_parksc_demog_slope	0.039	cross_module	EFCAB14	EF-hand calcium binding domain 14		Alzheimer_evidence	1	0.0035633222886317	expression_atlas:0.029306972953426547	False	False	False	False	False	False	False	False	False	True
SDS	ENSG00000135094.10	ENSG00000135094	PCGBA23	cross_sqrt_parksc_demog_slope	sqrt_parksc_demog_slope	0.038	cross_module	SDS	serine dehydratase		enzyme;Alzheimer_evidence	2	0.0414859609913417	gwas_credible_sets:0.057751459272560264;europepmc:0.20979592800999025	False	False	False	False	False	True	False	False	False	True
RALBP1	ENSG00000017797.12	ENSG00000017797	AC	cross_sqrt_parksc_demog_slope	sqrt_parksc_demog_slope	0.036	cross_module	RALBP1	ralA binding protein 1		enzyme;Alzheimer_evidence	2	0.0760667208792664	europepmc:0.611392198756159;expression_atlas:0.056910802262092566	False	False	False	False	False	True	False	False	False	True
PARP4	ENSG00000102699.5	ENSG00000102699	MFBA9BA46	cross_sqrt_parksc_demog_slope	sqrt_parksc_demog_slope	0.036	cross_module	PARP4	poly(ADP-ribose) polymerase family member 4		Alzheimer_evidence	1	0.003695798546847	europepmc:0.030396539880581056	False	False	False	False	False	False	False	False	False	True
SDS	ENSG00000135094.10	ENSG00000135094	AC	cross_sqrt_parksc_demog_slope	sqrt_parksc_demog_slope	0.035	cross_module	SDS	serine dehydratase		enzyme;Alzheimer_evidence	2	0.0414859609913417	gwas_credible_sets:0.057751459272560264;europepmc:0.20979592800999025	False	False	False	False	False	True	False	False	False	True
CPT2	ENSG00000157184.6	ENSG00000157184	MFBA9BA46	cross_sqrt_parksc_demog_slope	sqrt_parksc_demog_slope	0.034	cross_module	CPT2	carnitine palmitoyltransferase 2		enzyme;known_drug_target;Alzheimer_evidence	3	0.0140766743661908	europepmc:0.11577530223418409	False	False	False	False	False	True	False	False	True	True
PMP22	ENSG00000109099.13	ENSG00000109099	AC	cross_sqrt_parksc_demog_slope	sqrt_parksc_demog_slope	0.034	cross_module	PMP22	peripheral myelin protein 22		Alzheimer_evidence	1	0.017645610522487	europepmc:0.1424404279028392;expression_atlas:0.010752076859679853	False	False	False	False	False	False	False	False	False	True
SERPINB6	ENSG00000124570.17	ENSG00000124570	MFBA9BA46	cross_sqrt_parksc_demog_slope	sqrt_parksc_demog_slope	0.033	cross_module	SERPINB6	serpin family B member 6		enzyme;Alzheimer_evidence	2	0.3061448311833569	crispr_screen:0.4863775194728878;europepmc:0.3441496259423078	False	False	False	False	False	True	False	False	False	True
GPATCH4	ENSG00000160818.16	ENSG00000160818	AC	cross_sqrt_parksc_demog_slope	sqrt_parksc_demog_slope	0.032	cross_module	GPATCH4	G-patch domain containing 4 (gene/pseudogene)			0	0.0		False	False	False	False	False	False	False	False	False	False
PPP1R18	ENSG00000146112.11	ENSG00000146112	AC	cross_sqrt_parksc_demog_slope	sqrt_parksc_demog_slope	0.031	cross_module	PPP1R18	protein phosphatase 1 regulatory subunit 18		enzyme	1	0.0		False	False	False	False	False	True	False	False	False	False
NFKB2	ENSG00000077150.18	ENSG00000077150	AC	cross_sqrt_parksc_demog_slope	sqrt_parksc_demog_slope	0.031	cross_module	NFKB2	nuclear factor kappa B subunit 2		transcription_factor;known_drug_target;Alzheimer_evidence	3	0.3729363330323488	crispr_screen:0.607930797611621;europepmc:0.1104230402813493	False	False	False	False	False	False	False	True	True	True
TLN1	ENSG00000137076.20	ENSG00000137076	PCGBA23	cross_sqrt_parksc_demog_slope	sqrt_parksc_demog_slope	0.031	cross_module	TLN1	talin 1		Alzheimer_evidence	1	0.0889783220783164	europepmc:0.7318129170942298	False	False	False	False	False	False	False	False	False	True
CERS2	ENSG00000143418.19	ENSG00000143418	MFBA9BA46	cross_sqrt_parksc_demog_slope	sqrt_parksc_demog_slope	0.031	cross_module	CERS2	ceramide synthase 2		enzyme;transcription_factor;known_drug_target;Alzheimer_evidence	4	0.0371354892651502	gwas_credible_sets:0.055750150002366786;europepmc:0.10669820051840212	False	False	False	False	False	True	False	True	True	True
ITGA5	ENSG00000161638.10	ENSG00000161638	AC	cross_sqrt_parksc_demog_slope	sqrt_parksc_demog_slope	0.03	cross_module	ITGA5	integrin subunit alpha 5		known_drug_target;Alzheimer_evidence	2	0.0161071631518437	europepmc:0.13247530158962148	False	False	False	False	False	False	False	False	True	True
ETV6	ENSG00000139083.10	ENSG00000139083	AC	cross_sqrt_parksc_demog_slope	sqrt_parksc_demog_slope	0.029	cross_module	ETV6	ETS variant transcription factor 6		transcription_factor;Alzheimer_evidence	2	0.1635762304317942	gwas_credible_sets:0.26543133690738135;europepmc:0.0727828260473913	False	False	False	False	False	False	False	True	False	True
NFE2L1	ENSG00000082641.15	ENSG00000082641	AC	cross_sqrt_parksc_demog_slope	sqrt_parksc_demog_slope	0.029	cross_module	NFE2L1	NFE2 like bZIP transcription factor 1		transcription_factor;Alzheimer_evidence	2	0.011112111817104	europepmc:0.09139290081009421	False	False	False	False	False	False	False	True	False	True
IER3	ENSG00000137331.11	ENSG00000137331	PCGBA23	cross_sqrt_parksc_demog_slope	sqrt_parksc_demog_slope	0.026	cross_module	IER3	immediate early response 3		Alzheimer_evidence	1	0.0047840058967519	europepmc:0.039346632178752144	False	False	False	False	False	False	False	False	False	True
MRPS33	ENSG00000090263.15	ENSG00000090263	AC	cross_sqrt_parksc_demog_slope	sqrt_parksc_demog_slope	0.024	cross_module	MRPS33	mitochondrial ribosomal protein S33		Alzheimer_evidence	1	0.0039171915741531	expression_atlas:0.03221741347487754	False	False	False	False	False	False	False	False	False	True
PYGO2	ENSG00000163348.3	ENSG00000163348	AC	cross_sqrt_parksc_demog_slope	sqrt_parksc_demog_slope	0.022	cross_module	PYGO2	pygopus family PHD finger 2		Alzheimer_evidence	1	0.0186838803478552	gwas_credible_sets:0.030733564447234175	False	False	False	False	False	False	False	False	False	True
